month,year,product_family,gmid,loc,country,sales,gmid_key
5,2025,6,600001,KR001,KR,829,600001_202505_KR
5,2025,6,600002,HK001,HK,14,600002_202505_HK
5,2025,6,600003,CA001,CA,824,600003_202505_CA
5,2025,6,600004,MY001,MY,24,600004_202505_MY
5,2025,6,600005,AU001,AU,301,600005_202505_AU
5,2025,6,600006,MX001,MX,2506,600006_202505_MX
5,2025,6,600007,AR001,AR,745,600007_202505_AR
5,2025,6,600008,CO001,CO,636,600008_202505_CO
5,2025,6,600010,CL001,CL,411,600010_202505_CL
5,2025,6,600011,US001,US,6793,600011_202505_US
5,2025,6,600012,IT001,IT,1194,600012_202505_IT
5,2025,6,600015,TW001,TW,308,600015_202505_TW
5,2025,6,600016,IN001,IN,177,600016_202505_IN
5,2025,6,600018,AT001,AT,36,600018_202505_AT
5,2025,6,600019,NO001,NO,53,600019_202505_NO
5,2025,6,600021,DE001,DE,63,600021_202505_DE
5,2025,6,600022,PT001,PT,339,600022_202505_PT
5,2025,6,600023,ES001,ES,1427,600023_202505_ES
5,2025,6,600024,PL001,PL,634,600024_202505_PL
5,2025,6,600025,HU001,HU,36,600025_202505_HU
5,2025,6,600026,DK001,DK,160,600026_202505_DK
5,2025,6,600026,FI001,FI,21,600026_202505_FI
5,2025,6,600026,SE001,SE,139,600026_202505_SE
5,2025,6,600027,GR001,GR,96,600027_202505_GR
5,2025,6,600028,CZ001,CZ,145,600028_202505_CZ
5,2025,6,600029,RO001,RO,0,600029_202505_RO
5,2025,6,600030,AT001,AT,5,600030_202505_AT
5,2025,6,600030,DE001,DE,13,600030_202505_DE
5,2025,6,600031,IE001,IE,235,600031_202505_IE
5,2025,6,600032,BR001,BR,128,600032_202505_BR
5,2025,6,600046,UA001,UA,0,600046_202505_UA
5,2025,6,600034,MA001,MA,660,600034_202505_MA
5,2025,6,600035,TR001,TR,2417,600035_202505_TR
5,2025,6,600036,ZA001,ZA,62,600036_202505_ZA
5,2025,6,600039,GB001,GB,2762,600039_202505_GB
5,2025,6,600039,IL001,IL,16,600039_202505_IL
5,2025,6,600041,BE001,BE,304,600041_202505_BE
5,2025,6,600041,NL001,NL,1057,600041_202505_NL
5,2025,6,600047,AE002,AE,0,600047_202505_AE
5,2025,6,600047,EG001,EG,2330,600047_202505_EG
5,2025,6,600048,FR001,FR,3335,600048_202505_FR
5,2025,6,600048,MA001,MA,218,600048_202505_MA
5,2025,6,600042,RU001,RU,5366,600042_202505_RU
5,2025,6,600043,JP001,JP,1295,600043_202505_JP
5,2025,6,600049,DZ001,DZ,0,600049_202505_DZ
5,2025,6,600049,MA001,MA,1113,600049_202505_MA
5,2025,1,100001,NZ001,NZ,76,100001_202505_NZ
5,2025,1,100008,US001,US,823,100008_202505_US
5,2025,1,100009,US001,US,1699,100009_202505_US
5,2025,1,100010,US001,US,358,100010_202505_US
5,2025,1,100011,US001,US,561,100011_202505_US
5,2025,1,100012,US001,US,696,100012_202505_US
5,2025,1,100013,US001,US,1636,100013_202505_US
5,2025,1,100020,KR001,KR,80,100020_202505_KR
5,2025,1,100021,KR001,KR,72,100021_202505_KR
5,2025,1,100022,KR001,KR,60,100022_202505_KR
5,2025,1,100035,TW001,TW,250,100035_202505_TW
5,2025,1,100036,TW001,TW,40,100036_202505_TW
5,2025,1,100041,TW001,TW,260,100041_202505_TW
5,2025,1,100025,JP001,JP,35,100025_202505_JP
5,2025,1,100026,JP001,JP,79,100026_202505_JP
5,2025,1,100027,JP001,JP,61,100027_202505_JP
5,2025,1,100028,JP001,JP,17,100028_202505_JP
5,2025,1,100029,JP001,JP,336,100029_202505_JP
5,2025,1,100030,JP001,JP,266,100030_202505_JP
5,2025,1,100031,CA001,CA,28,100031_202505_CA
5,2025,1,100032,CA001,CA,28,100032_202505_CA
5,2025,1,100033,CA001,CA,226,100033_202505_CA
5,2025,1,100034,CA001,CA,244,100034_202505_CA
5,2025,1,100042,HK001,HK,237,100042_202505_HK
5,2025,1,100037,AU001,AU,19,100037_202505_AU
5,2025,1,100037,NZ001,NZ,4,100037_202505_NZ
5,2025,1,100043,AU001,AU,83,100043_202505_AU
5,2025,1,100038,AU001,AU,100,100038_202505_AU
5,2025,1,100038,NZ001,NZ,34,100038_202505_NZ
5,2025,1,100044,AU001,AU,229,100044_202505_AU
5,2025,1,100044,NZ001,NZ,61,100044_202505_NZ
5,2025,1,100039,AU001,AU,234,100039_202505_AU
5,2025,1,100039,NZ001,NZ,46,100039_202505_NZ
5,2025,1,100040,AU001,AU,198,100040_202505_AU
5,2025,1,100040,NZ001,NZ,41,100040_202505_NZ
5,2025,1,100045,HK001,HK,401,100045_202505_HK
5,2025,2,200001,US001,US,2277,200001_202505_US
5,2025,2,200002,US001,US,2062,200002_202505_US
5,2025,2,200003,US001,US,2597,200003_202505_US
5,2025,2,200004,US001,US,2954,200004_202505_US
5,2025,2,200005,US001,US,889,200005_202505_US
5,2025,2,200006,US001,US,1618,200006_202505_US
5,2025,2,200007,JP001,JP,103,200007_202505_JP
5,2025,2,200008,JP001,JP,84,200008_202505_JP
5,2025,2,200009,JP001,JP,237,200009_202505_JP
5,2025,2,200010,JP001,JP,879,200010_202505_JP
5,2025,2,200011,JP001,JP,629,200011_202505_JP
5,2025,2,200012,JP001,JP,14,200012_202505_JP
5,2025,2,200014,TW001,TW,60,200014_202505_TW
5,2025,2,200015,TW001,TW,700,200015_202505_TW
5,2025,2,200016,TW001,TW,850,200016_202505_TW
5,2025,2,200017,TW001,TW,800,200017_202505_TW
5,2025,3,300001,AT001,AT,28,300001_202505_AT
5,2025,3,300001,DE001,DE,302,300001_202505_DE
5,2025,3,300002,AT001,AT,2,300002_202505_AT
5,2025,3,300004,FR001,FR,553,300004_202505_FR
5,2025,3,300005,AE002,AE,0,300005_202505_AE
5,2025,3,300005,FI001,FI,0,300005_202505_FI
5,2025,3,300005,GB001,GB,0,300005_202505_GB
5,2025,3,300005,OM001,OM,0,300005_202505_OM
5,2025,3,300005,SA001,SA,0,300005_202505_SA
5,2025,3,300005,SE001,SE,19,300005_202505_SE
5,2025,3,300006,US001,US,2107,300006_202505_US
5,2025,3,300007,GB001,GB,308,300007_202505_GB
5,2025,3,300008,BE001,BE,78,300008_202505_BE
5,2025,3,300008,NL001,NL,77,300008_202505_NL
5,2025,3,300010,CH001,CH,57,300010_202505_CH
5,2025,3,300011,IT001,IT,1333,300011_202505_IT
5,2025,3,300012,HU001,HU,0,300012_202505_HU
5,2025,3,300012,RO001,RO,99,300012_202505_RO
5,2025,3,300013,IL001,IL,275,300013_202505_IL
5,2025,3,300014,CZ001,CZ,0,300014_202505_CZ
5,2025,3,300015,ES001,ES,232,300015_202505_ES
5,2025,3,300015,PT001,PT,57,300015_202505_PT
5,2025,3,300016,GR001,GR,191,300016_202505_GR
5,2025,3,300018,CO001,CO,30,300018_202505_CO
5,2025,3,300019,JP001,JP,310,300019_202505_JP
5,2025,7,700006,KR001,KR,6,700006_202505_KR
5,2025,7,700008,CO001,CO,9,700008_202505_CO
5,2025,7,700009,AR001,AR,8,700009_202505_AR
5,2025,7,700012,IL001,IL,39,700012_202505_IL
5,2025,7,700023,IE001,IE,0,700023_202505_IE
5,2025,7,700024,CO001,CO,1080,700024_202505_CO
5,2025,7,700030,US001,US,719,700030_202505_US
5,2025,7,700031,AT001,AT,11,700031_202505_AT
5,2025,7,700031,DE001,DE,22,700031_202505_DE
5,2025,7,700025,DK001,DK,0,700025_202505_DK
5,2025,7,700025,FI001,FI,7,700025_202505_FI
5,2025,7,700025,NO001,NO,0,700025_202505_NO
5,2025,7,700025,SE001,SE,2,700025_202505_SE
5,2025,7,700032,FR001,FR,130,700032_202505_FR
5,2025,7,700033,DE001,DE,23,700033_202505_DE
5,2025,7,700034,CA001,CA,6,700034_202505_CA
5,2025,7,700035,GB001,GB,126,700035_202505_GB
5,2025,7,700036,ES001,ES,149,700036_202505_ES
5,2025,7,700046,AU001,AU,29,700046_202505_AU
5,2025,7,700026,GR001,GR,21,700026_202505_GR
5,2025,7,700038,PT001,PT,7,700038_202505_PT
5,2025,7,700039,HU001,HU,12,700039_202505_HU
5,2025,7,700040,RO001,RO,30,700040_202505_RO
5,2025,7,700041,PL001,PL,26,700041_202505_PL
5,2025,7,700042,CZ001,CZ,0,700042_202505_CZ
5,2025,7,700043,CH001,CH,8,700043_202505_CH
5,2025,7,700045,BE001,BE,7,700045_202505_BE
5,2025,7,700045,NL001,NL,0,700045_202505_NL
5,2025,7,700047,IT001,IT,151,700047_202505_IT
5,2025,7,700028,JP001,JP,152,700028_202505_JP
5,2025,8,800001,BR001,BR,0,800001_202505_BR
5,2025,8,800007,ZA001,ZA,483,800007_202505_ZA
5,2025,8,800016,IT001,IT,3376,800016_202505_IT
5,2025,8,800017,MA001,MA,0,800017_202505_MA
5,2025,8,800022,IQ001,IQ,4878,800022_202505_IQ
5,2025,8,800024,CZ001,CZ,250,800024_202505_CZ
5,2025,8,800025,PL001,PL,670,800025_202505_PL
5,2025,8,800026,HU001,HU,266,800026_202505_HU
5,2025,8,800059,UA001,UA,0,800059_202505_UA
5,2025,8,800027,TR001,TR,9153,800027_202505_TR
5,2025,8,800028,AT001,AT,27,800028_202505_AT
5,2025,8,800029,CH001,CH,444,800029_202505_CH
5,2025,8,800030,DK001,DK,128,800030_202505_DK
5,2025,8,800030,NO001,NO,237,800030_202505_NO
5,2025,8,800031,FI001,FI,66,800031_202505_FI
5,2025,8,800031,SE001,SE,743,800031_202505_SE
5,2025,8,800032,FR001,FR,2246,800032_202505_FR
5,2025,8,800033,GR001,GR,790,800033_202505_GR
5,2025,8,800034,PT001,PT,1075,800034_202505_PT
5,2025,8,800035,ES001,ES,1074,800035_202505_ES
5,2025,8,800036,RO001,RO,843,800036_202505_RO
5,2025,8,800037,DE001,DE,61,800037_202505_DE
5,2025,8,800038,DE001,DE,47,800038_202505_DE
5,2025,8,800039,AT001,AT,51,800039_202505_AT
5,2025,8,800040,GB001,GB,821,800040_202505_GB
5,2025,8,800041,SA001,SA,1140,800041_202505_SA
5,2025,8,800042,IL001,IL,598,800042_202505_IL
5,2025,8,800043,AE002,AE,33,800043_202505_AE
5,2025,8,800043,IE001,IE,60,800043_202505_IE
5,2025,8,800043,LBN01,LB,600,800043_202505_LB
5,2025,8,800043,OM001,OM,0,800043_202505_OM
5,2025,8,800043,TN001,TN,216,800043_202505_TN
5,2025,8,800044,EG001,EG,0,800044_202505_EG
5,2025,8,800045,MA001,MA,50,800045_202505_MA
5,2025,8,800045,TN001,TN,0,800045_202505_TN
5,2025,8,800046,CAR01,CA,0,800046_202505_CA
5,2025,8,800046,US001,US,11404,800046_202505_US
5,2025,8,800047,BE001,BE,400,800047_202505_BE
5,2025,8,800047,NL001,NL,759,800047_202505_NL
5,2025,8,800063,TW001,TW,208,800063_202505_TW
5,2025,8,800048,HK001,HK,70,800048_202505_HK
5,2025,8,800064,AU001,AU,85,800064_202505_AU
5,2025,8,800064,NZ001,NZ,32,800064_202505_NZ
5,2025,8,800050,CL001,CL,684,800050_202505_CL
5,2025,8,800051,SG002,SG,12,800051_202505_SG
5,2025,8,800052,TH001,TH,312,800052_202505_TH
5,2025,8,800053,MY001,MY,24,800053_202505_MY
5,2025,8,800054,IN001,IN,340,800054_202505_IN
5,2025,8,800055,JP001,JP,538,800055_202505_JP
5,2025,8,800056,CA001,CA,660,800056_202505_CA
5,2025,8,800066,KR001,KR,251,800066_202505_KR
5,2025,8,800057,MX001,MX,1238,800057_202505_MX
5,2025,8,800067,CO001,CO,3002,800067_202505_CO
5,2025,8,800068,GT001,GT,476,800068_202505_GT
5,2025,8,800069,PE001,PE,0,800069_202505_PE
5,2025,8,800071,AR001,AR,1754,800071_202505_AR
5,2025,8,800071,PY001,PY,0,800071_202505_PY
5,2025,8,800072,MA001,MA,2,800072_202505_MA
5,2025,15,150001,PR001,PR,461,150001_202505_PR
5,2025,15,150001,US001,US,110613,150001_202505_US
5,2025,15,150002,AT001,AT,1889,150002_202505_AT
5,2025,15,150002,DE001,DE,1792,150002_202505_DE
5,2025,15,150002,PT001,PT,0,150002_202505_PT
5,2025,15,150003,DE001,DE,4870,150003_202505_DE
5,2025,15,150007,CA001,CA,12551,150007_202505_CA
5,2025,15,150008,DK001,DK,631,150008_202505_DK
5,2025,15,150008,IS001,IS,30,150008_202505_IS
5,2025,15,150008,NO001,NO,467,150008_202505_NO
5,2025,15,150009,FI001,FI,204,150009_202505_FI
5,2025,15,150009,SE001,SE,805,150009_202505_SE
5,2025,15,150010,KR001,KR,4980,150010_202505_KR
5,2025,15,150011,GB001,GB,3766,150011_202505_GB
5,2025,15,150012,ES001,ES,1332,150012_202505_ES
5,2025,15,150013,BR001,BR,2370,150013_202505_BR
5,2025,15,150014,AU001,AU,22877,150014_202505_AU
5,2025,15,150014,NZ001,NZ,8,150014_202505_NZ
5,2025,15,150015,BE001,BE,514,150015_202505_BE
5,2025,15,150016,IL001,IL,2423,150016_202505_IL
5,2025,15,150018,FR001,FR,8107,150018_202505_FR
5,2025,15,150019,MX001,MX,1345,150019_202505_MX
5,2025,15,150021,PL001,PL,2066,150021_202505_PL
5,2025,15,150024,CO001,CO,3839,150024_202505_CO
5,2025,15,150025,PR001,PR,64,150025_202505_PR
5,2025,15,150025,US001,US,16811,150025_202505_US
5,2025,15,150026,SG002,SG,1726,150026_202505_SG
5,2025,15,150028,TW001,TW,2328,150028_202505_TW
5,2025,15,150029,MY001,MY,936,150029_202505_MY
5,2025,15,150030,AT001,AT,86,150030_202505_AT
5,2025,15,150030,DE001,DE,283,150030_202505_DE
5,2025,15,150031,DE001,DE,406,150031_202505_DE
5,2025,15,150032,CZ001,CZ,725,150032_202505_CZ
5,2025,15,150033,CA001,CA,1395,150033_202505_CA
5,2025,15,150034,ES001,ES,95,150034_202505_ES
5,2025,15,150034,PT001,PT,8,150034_202505_PT
5,2025,15,150035,PT001,PT,220,150035_202505_PT
5,2025,15,150036,CO001,CO,682,150036_202505_CO
5,2025,15,150037,CAR01,CA,0,150037_202505_CA
5,2025,15,150037,CR001,CR,0,150037_202505_CR
5,2025,15,150037,GT001,GT,0,150037_202505_GT
5,2025,15,150037,PA001,PA,0,150037_202505_PA
5,2025,15,150038,TH001,TH,510,150038_202505_TH
5,2025,15,150039,GB001,GB,336,150039_202505_GB
5,2025,15,150041,KR001,KR,710,150041_202505_KR
5,2025,15,150042,FI001,FI,20,150042_202505_FI
5,2025,15,150042,SE001,SE,64,150042_202505_SE
5,2025,15,150043,BR001,BR,400,150043_202505_BR
5,2025,15,150045,DK001,DK,20,150045_202505_DK
5,2025,15,150045,IS001,IS,6,150045_202505_IS
5,2025,15,150045,NO001,NO,38,150045_202505_NO
5,2025,15,150047,GB001,GB,0,150047_202505_GB
5,2025,15,150047,PR001,PR,1795,150047_202505_PR
5,2025,15,150047,US001,US,375879,150047_202505_US
5,2025,15,150048,PR001,PR,173,150048_202505_PR
5,2025,15,150048,US001,US,24662,150048_202505_US
5,2025,15,150052,IT001,IT,371,150052_202505_IT
5,2025,15,150054,RO001,RO,30,150054_202505_RO
5,2025,15,150057,GR001,GR,12,150057_202505_GR
5,2025,15,150058,FR001,FR,1100,150058_202505_FR
5,2025,15,150059,CN001,CN,116981,150059_202505_CN
5,2025,15,150065,BE001,BE,47,150065_202505_BE
5,2025,15,150068,ZA001,ZA,111,150068_202505_ZA
5,2025,15,150069,IL001,IL,226,150069_202505_IL
5,2025,15,150070,MX001,MX,66,150070_202505_MX
5,2025,15,150074,IT001,IT,440,150074_202505_IT
5,2025,15,150077,IT001,IT,10,150077_202505_IT
5,2025,15,150079,CZ001,CZ,63,150079_202505_CZ
5,2025,15,150086,AU001,AU,4504,150086_202505_AU
5,2025,15,150086,NZ001,NZ,1,150086_202505_NZ
5,2025,15,150088,PL001,PL,384,150088_202505_PL
5,2025,15,150089,SG002,SG,25,150089_202505_SG
5,2025,15,150090,MY001,MY,48,150090_202505_MY
5,2025,15,150091,TH001,TH,3,150091_202505_TH
5,2025,15,150160,IT001,IT,7,150160_202505_IT
5,2025,15,150093,CN001,CN,9018,150093_202505_CN
5,2025,15,150095,CL001,CL,24,150095_202505_CL
5,2025,15,150096,CL001,CL,277,150096_202505_CL
5,2025,15,150100,IL001,IL,273,150100_202505_IL
5,2025,15,150101,IL001,IL,1684,150101_202505_IL
5,2025,15,150102,KR001,KR,5094,150102_202505_KR
5,2025,15,150105,KR001,KR,115,150105_202505_KR
5,2025,15,150107,GR001,GR,2,150107_202505_GR
5,2025,15,150107,RO001,RO,0,150107_202505_RO
5,2025,15,150108,GR001,GR,16,150108_202505_GR
5,2025,15,150109,IT001,IT,8224,150109_202505_IT
5,2025,15,150110,AE002,AE,18,150110_202505_AE
5,2025,15,150110,EG001,EG,34,150110_202505_EG
5,2025,15,150111,EG001,EG,302,150111_202505_EG
5,2025,15,150111,LBN01,LB,0,150111_202505_LB
5,2025,15,150112,BE001,BE,516,150112_202505_BE
5,2025,15,150112,NL001,NL,1246,150112_202505_NL
5,2025,15,150113,BE001,BE,64,150113_202505_BE
5,2025,15,150113,NL001,NL,121,150113_202505_NL
5,2025,15,150114,FR001,FR,820,150114_202505_FR
5,2025,15,150115,AR001,AR,1464,150115_202505_AR
5,2025,15,150117,AR001,AR,98,150117_202505_AR
5,2025,15,150161,TR001,TR,1610,150161_202505_TR
5,2025,15,150118,GB001,GB,0,150118_202505_GB
5,2025,15,150118,IE001,IE,6,150118_202505_IE
5,2025,15,150119,GB001,GB,13,150119_202505_GB
5,2025,15,150119,IE001,IE,45,150119_202505_IE
5,2025,15,150120,GB001,GB,7,150120_202505_GB
5,2025,15,150120,IE001,IE,143,150120_202505_IE
5,2025,15,150120,NL001,NL,1118,150120_202505_NL
5,2025,15,150121,GB001,GB,101,150121_202505_GB
5,2025,15,150121,IE001,IE,1366,150121_202505_IE
5,2025,15,150121,NL001,NL,2738,150121_202505_NL
5,2025,15,150122,ES001,ES,2488,150122_202505_ES
5,2025,15,150123,ES001,ES,17366,150123_202505_ES
5,2025,15,150124,AT001,AT,230,150124_202505_AT
5,2025,15,150124,DE001,DE,413,150124_202505_DE
5,2025,15,150125,AT001,AT,6846,150125_202505_AT
5,2025,15,150125,DE001,DE,2845,150125_202505_DE
5,2025,15,150126,DE001,DE,770,150126_202505_DE
5,2025,15,150127,DE001,DE,9840,150127_202505_DE
5,2025,15,150128,HK001,HK,216,150128_202505_HK
5,2025,15,150129,HK001,HK,1115,150129_202505_HK
5,2025,15,150135,TW001,TW,255,150135_202505_TW
5,2025,15,150162,CA001,CA,13743,150162_202505_CA
5,2025,15,150163,CA001,CA,1684,150163_202505_CA
5,2025,15,150136,GB001,GB,16113,150136_202505_GB
5,2025,15,150164,GB001,GB,2704,150164_202505_GB
5,2025,15,150137,DK001,DK,1702,150137_202505_DK
5,2025,15,150137,IS001,IS,80,150137_202505_IS
5,2025,15,150137,NO001,NO,1694,150137_202505_NO
5,2025,15,150138,DK001,DK,83,150138_202505_DK
5,2025,15,150138,IS001,IS,150,150138_202505_IS
5,2025,15,150138,NO001,NO,187,150138_202505_NO
5,2025,15,150139,FR001,FR,29564,150139_202505_FR
5,2025,15,150140,FR001,FR,2425,150140_202505_FR
5,2025,15,150141,PT001,PT,2908,150141_202505_PT
5,2025,15,150142,PT001,PT,262,150142_202505_PT
5,2025,15,150143,CZ001,CZ,1141,150143_202505_CZ
5,2025,15,150143,PL001,PL,327,150143_202505_PL
5,2025,15,150144,CZ001,CZ,86,150144_202505_CZ
5,2025,15,150144,PL001,PL,67,150144_202505_PL
5,2025,15,150165,CH001,CH,2808,150165_202505_CH
5,2025,15,150166,CH001,CH,277,150166_202505_CH
5,2025,15,150145,BE001,BE,125,150145_202505_BE
5,2025,15,150146,BE001,BE,133,150146_202505_BE
5,2025,15,150147,BE001,BE,919,150147_202505_BE
5,2025,15,150148,BE001,BE,641,150148_202505_BE
5,2025,15,150167,RO001,RO,460,150167_202505_RO
5,2025,15,150183,AE002,AE,500,150183_202505_AE
5,2025,15,150183,KW001,KW,0,150183_202505_KW
5,2025,15,150184,AE002,AE,4900,150184_202505_AE
5,2025,15,150184,BH001,BH,0,150184_202505_BH
5,2025,15,150184,KW001,KW,400,150184_202505_KW
5,2025,15,150168,CY001,CY,15,150168_202505_CY
5,2025,15,150168,GR001,GR,915,150168_202505_GR
5,2025,15,150168,RO001,RO,1025,150168_202505_RO
5,2025,15,150185,IT001,IT,1,150185_202505_IT
5,2025,15,150169,FI001,FI,119,150169_202505_FI
5,2025,15,150169,SE001,SE,186,150169_202505_SE
5,2025,15,150170,FI001,FI,1627,150170_202505_FI
5,2025,15,150170,SE001,SE,3274,150170_202505_SE
5,2025,15,150171,HU001,HU,1217,150171_202505_HU
5,2025,15,150189,IT001,IT,0,150189_202505_IT
5,2025,15,150172,IT001,IT,1401,150172_202505_IT
5,2025,15,150173,IT001,IT,29232,150173_202505_IT
5,2025,15,150174,SA001,SA,94,150174_202505_SA
5,2025,15,150175,SA001,SA,5834,150175_202505_SA
5,2025,15,150150,JP001,JP,10266,150150_202505_JP
5,2025,15,150151,FR001,FR,188,150151_202505_FR
5,2025,15,150176,IN001,IN,0,150176_202505_IN
5,2025,15,150152,JP001,JP,13960,150152_202505_JP
5,2025,15,150186,RU001,RU,213,150186_202505_RU
5,2025,15,150187,RU001,RU,4377,150187_202505_RU
5,2025,15,150177,JP001,JP,168486,150177_202505_JP
5,2025,15,150178,ZA001,ZA,9,150178_202505_ZA
5,2025,15,150179,BR001,BR,50,150179_202505_BR
5,2025,15,150180,BR001,BR,0,150180_202505_BR
5,2025,15,150181,HU001,HU,51,150181_202505_HU
5,2025,15,150188,TR001,TR,0,150188_202505_TR
5,2025,15,150190,NL001,NL,2998,150190_202505_NL
5,2025,9,900001,TW001,TW,396,900001_202505_TW
5,2025,9,900002,AU001,AU,397,900002_202505_AU
5,2025,9,900002,NZ001,NZ,15,900002_202505_NZ
5,2025,9,900003,KR001,KR,362,900003_202505_KR
5,2025,9,900004,HK001,HK,19,900004_202505_HK
5,2025,9,900005,MY001,MY,226,900005_202505_MY
5,2025,9,900006,TH001,TH,30,900006_202505_TH
5,2025,9,900007,ZA001,ZA,95,900007_202505_ZA
5,2025,9,900009,JP001,JP,952,900009_202505_JP
5,2025,4,400005,AU001,AU,283,400005_202505_AU
5,2025,4,400006,US001,US,789,400006_202505_US
5,2025,4,400009,US001,US,26,400009_202505_US
5,2025,4,400010,US001,US,165,400010_202505_US
5,2025,4,400011,US001,US,288,400011_202505_US
5,2025,4,400012,US001,US,552,400012_202505_US
5,2025,4,400013,US001,US,243,400013_202505_US
5,2025,4,400014,US001,US,521,400014_202505_US
5,2025,4,400015,US001,US,848,400015_202505_US
5,2025,4,400016,US001,US,563,400016_202505_US
5,2025,4,400017,US001,US,264,400017_202505_US
5,2025,4,400024,KR001,KR,60,400024_202505_KR
5,2025,4,400025,KR001,KR,0,400025_202505_KR
5,2025,4,400026,KR001,KR,60,400026_202505_KR
5,2025,4,400042,TW001,TW,140,400042_202505_TW
5,2025,4,400046,TW001,TW,380,400046_202505_TW
5,2025,4,400043,TW001,TW,80,400043_202505_TW
5,2025,4,400028,JP001,JP,396,400028_202505_JP
5,2025,4,400029,JP001,JP,40,400029_202505_JP
5,2025,4,400030,JP001,JP,256,400030_202505_JP
5,2025,4,400031,JP001,JP,265,400031_202505_JP
5,2025,4,400032,JP001,JP,745,400032_202505_JP
5,2025,4,400033,JP001,JP,881,400033_202505_JP
5,2025,4,400034,JP001,JP,13,400034_202505_JP
5,2025,4,400035,JP001,JP,94,400035_202505_JP
5,2025,4,400036,CA001,CA,120,400036_202505_CA
5,2025,4,400038,CA001,CA,80,400038_202505_CA
5,2025,4,400039,CA001,CA,40,400039_202505_CA
5,2025,4,400040,CA001,CA,438,400040_202505_CA
5,2025,4,400041,CA001,CA,80,400041_202505_CA
5,2025,4,400045,AU001,AU,43,400045_202505_AU
5,2025,4,400047,AU001,AU,81,400047_202505_AU
5,2025,4,400048,AU001,AU,258,400048_202505_AU
5,2025,4,400049,AU001,AU,581,400049_202505_AU
5,2025,4,400050,HK001,HK,837,400050_202505_HK
5,2025,4,400051,HK001,HK,1387,400051_202505_HK
5,2025,17,170006,IT001,IT,1747,170006_202505_IT
5,2025,17,170008,AT001,AT,42,170008_202505_AT
5,2025,17,170009,FR001,FR,1446,170009_202505_FR
5,2025,17,170009,MA001,MA,0,170009_202505_MA
5,2025,17,170010,DE001,DE,164,170010_202505_DE
5,2025,17,170011,PT001,PT,137,170011_202505_PT
5,2025,17,170012,ES001,ES,748,170012_202505_ES
5,2025,17,170013,CH001,CH,273,170013_202505_CH
5,2025,17,170014,HU001,HU,118,170014_202505_HU
5,2025,17,170015,TR001,TR,931,170015_202505_TR
5,2025,17,170016,DE001,DE,6,170016_202505_DE
5,2025,17,170017,FI001,FI,209,170017_202505_FI
5,2025,17,170017,SE001,SE,140,170017_202505_SE
5,2025,17,170018,GR001,GR,76,170018_202505_GR
5,2025,17,170019,GB001,GB,612,170019_202505_GB
5,2025,17,170020,CZ001,CZ,3,170020_202505_CZ
5,2025,17,170021,RO001,RO,276,170021_202505_RO
5,2025,17,170022,DE001,DE,41,170022_202505_DE
5,2025,17,170023,PL001,PL,218,170023_202505_PL
5,2025,17,170024,DK001,DK,77,170024_202505_DK
5,2025,17,170024,IS001,IS,40,170024_202505_IS
5,2025,17,170024,NO001,NO,152,170024_202505_NO
5,2025,17,170080,UA001,UA,0,170080_202505_UA
5,2025,17,170026,AT001,AT,53,170026_202505_AT
5,2025,17,170027,PT001,PT,202,170027_202505_PT
5,2025,17,170028,ES001,ES,762,170028_202505_ES
5,2025,17,170029,FI001,FI,272,170029_202505_FI
5,2025,17,170029,SE001,SE,77,170029_202505_SE
5,2025,17,170030,DE001,DE,176,170030_202505_DE
5,2025,17,170031,HU001,HU,189,170031_202505_HU
5,2025,17,170032,DK001,DK,181,170032_202505_DK
5,2025,17,170032,IS001,IS,40,170032_202505_IS
5,2025,17,170032,NO001,NO,104,170032_202505_NO
5,2025,17,170033,GR001,GR,48,170033_202505_GR
5,2025,17,170034,DE001,DE,96,170034_202505_DE
5,2025,17,170035,GB001,GB,1205,170035_202505_GB
5,2025,17,170036,ZA001,ZA,16,170036_202505_ZA
5,2025,17,170037,ZA001,ZA,28,170037_202505_ZA
5,2025,17,170038,IL001,IL,96,170038_202505_IL
5,2025,17,170039,IE001,IE,142,170039_202505_IE
5,2025,17,170039,LBN01,LB,0,170039_202505_LB
5,2025,17,170040,IE001,IE,129,170040_202505_IE
5,2025,17,170040,OM001,OM,0,170040_202505_OM
5,2025,17,170041,EG001,EG,24,170041_202505_EG
5,2025,17,170043,SA001,SA,668,170043_202505_SA
5,2025,17,170044,PL001,PL,396,170044_202505_PL
5,2025,17,170045,DZ001,DZ,1203,170045_202505_DZ
5,2025,17,170046,CH001,CH,280,170046_202505_CH
5,2025,17,170047,US001,US,9317,170047_202505_US
5,2025,17,170048,US001,US,5932,170048_202505_US
5,2025,17,170049,IN001,IN,0,170049_202505_IN
5,2025,17,170050,BE001,BE,113,170050_202505_BE
5,2025,17,170050,NL001,NL,500,170050_202505_NL
5,2025,17,170051,BE001,BE,91,170051_202505_BE
5,2025,17,170051,NL001,NL,525,170051_202505_NL
5,2025,17,170082,TH001,TH,7,170082_202505_TH
5,2025,17,170053,SG002,SG,29,170053_202505_SG
5,2025,17,170054,SG002,SG,27,170054_202505_SG
5,2025,17,170055,TW001,TW,1499,170055_202505_TW
5,2025,17,170056,HK001,HK,90,170056_202505_HK
5,2025,17,170057,HK001,HK,150,170057_202505_HK
5,2025,17,170058,CA001,CA,485,170058_202505_CA
5,2025,17,170059,CA001,CA,781,170059_202505_CA
5,2025,17,170060,CO001,CO,340,170060_202505_CO
5,2025,17,170061,CO001,CO,605,170061_202505_CO
5,2025,17,170062,PE001,PE,72,170062_202505_PE
5,2025,17,170065,CL001,CL,0,170065_202505_CL
5,2025,17,170066,CL001,CL,299,170066_202505_CL
5,2025,17,170067,AR001,AR,346,170067_202505_AR
5,2025,17,170068,AR001,AR,340,170068_202505_AR
5,2025,17,170069,KR001,KR,495,170069_202505_KR
5,2025,17,170071,BR001,BR,356,170071_202505_BR
5,2025,17,170072,CR001,CR,68,170072_202505_CR
5,2025,17,170072,SV001,SV,8,170072_202505_SV
5,2025,17,170073,IN001,IN,6,170073_202505_IN
5,2025,17,170074,AU001,AU,154,170074_202505_AU
5,2025,17,170075,AU001,AU,90,170075_202505_AU
5,2025,17,170076,JP001,JP,2408,170076_202505_JP
5,2025,17,170077,JP001,JP,927,170077_202505_JP
5,2025,17,170084,TR001,TR,0,170084_202505_TR
5,2025,5,500001,AE002,AE,5,500001_202505_AE
5,2025,5,500001,SA001,SA,0,500001_202505_SA
5,2025,5,500002,AE002,AE,14,500002_202505_AE
5,2025,5,500002,SA001,SA,0,500002_202505_SA
5,2025,14,140001,CA001,CA,305,140001_202505_CA
5,2025,14,140002,PR001,PR,0,140002_202505_PR
5,2025,14,140002,US001,US,145,140002_202505_US
5,2025,14,140003,PR001,PR,1,140003_202505_PR
5,2025,14,140003,US001,US,1283,140003_202505_US
5,2025,14,140004,AT001,AT,18,140004_202505_AT
5,2025,14,140004,DE001,DE,21,140004_202505_DE
5,2025,14,140005,DE001,DE,44,140005_202505_DE
5,2025,14,140006,AT001,AT,62,140006_202505_AT
5,2025,14,140006,DE001,DE,78,140006_202505_DE
5,2025,14,140006,FI001,FI,52,140006_202505_FI
5,2025,14,140007,DE001,DE,284,140007_202505_DE
5,2025,14,140008,DE001,DE,195,140008_202505_DE
5,2025,14,140009,DE001,DE,945,140009_202505_DE
5,2025,14,140011,BE001,BE,162,140011_202505_BE
5,2025,14,140012,BE001,BE,28,140012_202505_BE
5,2025,14,140013,GB001,GB,92,140013_202505_GB
5,2025,14,140014,GB001,GB,136,140014_202505_GB
5,2025,14,140015,GB001,GB,1098,140015_202505_GB
5,2025,14,140016,ES001,ES,56,140016_202505_ES
5,2025,14,140017,DK001,DK,394,140017_202505_DK
5,2025,14,140017,FI001,FI,381,140017_202505_FI
5,2025,14,140017,SE001,SE,512,140017_202505_SE
5,2025,14,140018,DK001,DK,3,140018_202505_DK
5,2025,14,140018,FI001,FI,113,140018_202505_FI
5,2025,14,140018,SE001,SE,93,140018_202505_SE
5,2025,14,140019,CH001,CH,17,140019_202505_CH
5,2025,14,140020,CH001,CH,92,140020_202505_CH
5,2025,14,140021,ES001,ES,279,140021_202505_ES
5,2025,14,140022,ES001,ES,1466,140022_202505_ES
5,2025,14,140023,CH001,CH,35,140023_202505_CH
5,2025,14,140024,CH001,CH,233,140024_202505_CH
5,2025,14,140028,CA001,CA,65,140028_202505_CA
5,2025,14,140029,CA001,CA,653,140029_202505_CA
5,2025,14,140030,IL001,IL,25,140030_202505_IL
5,2025,14,140031,IL001,IL,358,140031_202505_IL
5,2025,14,140032,FR001,FR,89,140032_202505_FR
5,2025,14,140033,FR001,FR,379,140033_202505_FR
5,2025,14,140034,FR001,FR,1069,140034_202505_FR
5,2025,14,140035,FR001,FR,385,140035_202505_FR
5,2025,14,140036,DK001,DK,93,140036_202505_DK
5,2025,14,140036,FI001,FI,0,140036_202505_FI
5,2025,14,140037,HK001,HK,0,140037_202505_HK
5,2025,14,140038,HK001,HK,147,140038_202505_HK
5,2025,14,140039,PR001,PR,106,140039_202505_PR
5,2025,14,140039,US001,US,10749,140039_202505_US
5,2025,14,140040,PR001,PR,14,140040_202505_PR
5,2025,14,140040,US001,US,504,140040_202505_US
5,2025,14,140041,IT001,IT,14,140041_202505_IT
5,2025,14,140042,IT001,IT,164,140042_202505_IT
5,2025,14,140044,CZ001,CZ,439,140044_202505_CZ
5,2025,14,140045,CZ001,CZ,86,140045_202505_CZ
5,2025,14,140046,IT001,IT,131,140046_202505_IT
5,2025,14,140047,IT001,IT,782,140047_202505_IT
5,2025,14,140049,AT001,AT,91,140049_202505_AT
5,2025,14,140049,DE001,DE,295,140049_202505_DE
5,2025,14,140050,AT001,AT,34,140050_202505_AT
5,2025,14,140050,DE001,DE,54,140050_202505_DE
5,2025,14,140051,BE001,BE,24,140051_202505_BE
5,2025,14,140051,NL001,NL,10,140051_202505_NL
5,2025,14,140052,AR001,AR,169,140052_202505_AR
5,2025,14,140054,BE001,BE,69,140054_202505_BE
5,2025,14,140054,NL001,NL,50,140054_202505_NL
5,2025,14,140056,BE001,BE,18,140056_202505_BE
5,2025,14,140056,NL001,NL,24,140056_202505_NL
5,2025,14,140057,BE001,BE,192,140057_202505_BE
5,2025,14,140057,NL001,NL,304,140057_202505_NL
5,2025,11,110001,IT001,IT,6591,110001_202505_IT
5,2025,11,110002,PE001,PE,0,110002_202505_PE
5,2025,11,110003,US001,US,18280,110003_202505_US
5,2025,11,110004,DE001,DE,185,110004_202505_DE
5,2025,11,110005,DE001,DE,183,110005_202505_DE
5,2025,11,110006,CA001,CA,3193,110006_202505_CA
5,2025,11,110008,AT001,AT,5,110008_202505_AT
5,2025,11,110009,AT001,AT,1,110009_202505_AT
5,2025,11,110010,PL001,PL,0,110010_202505_PL
5,2025,11,110011,PT001,PT,1780,110011_202505_PT
5,2025,11,110012,ES001,ES,1841,110012_202505_ES
5,2025,11,110013,BE001,BE,0,110013_202505_BE
5,2025,11,110014,IL001,IL,112,110014_202505_IL
5,2025,11,110016,EG001,EG,533,110016_202505_EG
5,2025,11,110016,GB001,GB,2305,110016_202505_GB
5,2025,11,110018,CO001,CO,2545,110018_202505_CO
5,2025,11,110019,BR001,BR,168,110019_202505_BR
5,2025,11,110020,MY001,MY,380,110020_202505_MY
5,2025,11,110021,HK001,HK,38,110021_202505_HK
5,2025,11,110023,SG002,SG,0,110023_202505_SG
5,2025,11,110023,TW001,TW,50,110023_202505_TW
5,2025,11,110024,AU001,AU,28,110024_202505_AU
5,2025,11,110025,SE001,SE,425,110025_202505_SE
5,2025,11,110026,CL001,CL,280,110026_202505_CL
5,2025,11,110027,DK001,DK,402,110027_202505_DK
5,2025,11,110027,NO001,NO,400,110027_202505_NO
5,2025,11,110028,GR001,GR,1655,110028_202505_GR
5,2025,11,110029,RO001,RO,524,110029_202505_RO
5,2025,11,110031,ZA001,ZA,295,110031_202505_ZA
5,2025,11,110051,UA001,UA,0,110051_202505_UA
5,2025,11,110034,TH001,TH,40,110034_202505_TH
5,2025,11,110035,IN001,IN,44,110035_202505_IN
5,2025,11,110036,SA001,SA,0,110036_202505_SA
5,2025,11,110037,AR001,AR,737,110037_202505_AR
5,2025,11,110037,UY001,UY,0,110037_202505_UY
5,2025,11,110038,CR001,CR,0,110038_202505_CR
5,2025,11,110038,GT001,GT,0,110038_202505_GT
5,2025,11,110038,PA001,PA,0,110038_202505_PA
5,2025,11,110039,VN001,VN,220,110039_202505_VN
5,2025,11,110040,AE002,AE,0,110040_202505_AE
5,2025,11,110040,EG001,EG,124,110040_202505_EG
5,2025,11,110040,IE001,IE,388,110040_202505_IE
5,2025,11,110040,KW001,KW,0,110040_202505_KW
5,2025,11,110040,LBN01,LB,0,110040_202505_LB
5,2025,11,110040,MX001,MX,93,110040_202505_MX
5,2025,11,110040,TR001,TR,1804,110040_202505_TR
5,2025,11,110042,DZ001,DZ,2042,110042_202505_DZ
5,2025,11,110043,RU001,RU,515,110043_202505_RU
5,2025,11,110044,CR001,CR,0,110044_202505_CR
5,2025,11,110045,BR001,BR,0,110045_202505_BR
5,2025,11,110046,BE001,BE,40,110046_202505_BE
5,2025,11,110047,FR001,FR,302,110047_202505_FR
5,2025,11,110048,FR001,FR,498,110048_202505_FR
5,2025,11,110049,JP001,JP,40,110049_202505_JP
5,2025,11,110050,ZA001,ZA,0,110050_202505_ZA
5,2025,11,110055,PY001,PY,1,110055_202505_PY
5,2025,11,110055,UY001,UY,0,110055_202505_UY
5,2025,12,120002,MY001,MY,0,120002_202505_MY
5,2025,12,120002,SA001,SA,729,120002_202505_SA
5,2025,12,120002,US001,US,20529,120002_202505_US
5,2025,12,120003,FI001,FI,64,120003_202505_FI
5,2025,12,120003,SE001,SE,188,120003_202505_SE
5,2025,12,120004,CA001,CA,362,120004_202505_CA
5,2025,12,120005,DK001,DK,212,120005_202505_DK
5,2025,12,120006,DE001,DE,0,120006_202505_DE
5,2025,12,120007,DE001,DE,0,120007_202505_DE
5,2025,12,120008,BE001,BE,0,120008_202505_BE
5,2025,12,120008,DE001,DE,1325,120008_202505_DE
5,2025,12,120009,AT001,AT,0,120009_202505_AT
5,2025,12,120010,AT001,AT,133,120010_202505_AT
5,2025,12,120013,CH001,CH,824,120013_202505_CH
5,2025,12,120014,TW001,TW,2954,120014_202505_TW
5,2025,12,120028,RU001,RU,438,120028_202505_RU
5,2025,12,120015,BR001,BR,84,120015_202505_BR
5,2025,12,120016,BE001,BE,2063,120016_202505_BE
5,2025,12,120017,FR001,FR,3392,120017_202505_FR
5,2025,12,120018,AU001,AU,959,120018_202505_AU
5,2025,12,120019,HU001,HU,776,120019_202505_HU
5,2025,12,120019,RO001,RO,0,120019_202505_RO
5,2025,12,120020,BE001,BE,0,120020_202505_BE
5,2025,12,120021,BE001,BE,0,120021_202505_BE
5,2025,12,120021,NL001,NL,10,120021_202505_NL
5,2025,12,120029,CZ001,CZ,500,120029_202505_CZ
5,2025,12,120029,PL001,PL,1526,120029_202505_PL
5,2025,12,120030,IL001,IL,451,120030_202505_IL
5,2025,12,120022,AR001,AR,638,120022_202505_AR
5,2025,12,120023,GB001,GB,3134,120023_202505_GB
5,2025,12,120024,ES001,ES,1908,120024_202505_ES
5,2025,12,120024,PT001,PT,718,120024_202505_PT
5,2025,12,120031,HK001,HK,322,120031_202505_HK
5,2025,12,120025,JP001,JP,1848,120025_202505_JP
5,2025,12,120032,KR001,KR,1208,120032_202505_KR
5,2025,12,120033,IT001,IT,5259,120033_202505_IT
5,2025,12,120026,AE002,AE,0,120026_202505_AE
5,2025,12,120026,BH001,BH,0,120026_202505_BH
5,2025,12,120026,OM001,OM,0,120026_202505_OM
5,2025,12,120026,SA001,SA,0,120026_202505_SA
5,2025,12,120027,MY001,MY,0,120027_202505_MY
5,2025,12,120034,SG002,SG,152,120034_202505_SG
5,2025,12,120035,TH001,TH,0,120035_202505_TH
5,2025,12,120036,IN001,IN,0,120036_202505_IN
5,2025,12,120037,ZA001,ZA,0,120037_202505_ZA
5,2025,12,120038,GR001,GR,36,120038_202505_GR
5,2025,12,120039,EG001,EG,80,120039_202505_EG
5,2025,13,130004,BE001,BE,45,130004_202505_BE
5,2025,13,130026,BE001,BE,16,130026_202505_BE
5,2025,13,130026,NL001,NL,3,130026_202505_NL
5,2025,13,130005,DE001,DE,21,130005_202505_DE
5,2025,13,130006,AT001,AT,18,130006_202505_AT
5,2025,13,130006,DE001,DE,46,130006_202505_DE
5,2025,13,130007,CAR01,CA,36,130007_202505_CA
5,2025,13,130007,CO001,CO,0,130007_202505_CO
5,2025,13,130007,US001,US,1232,130007_202505_US
5,2025,13,130008,CZ001,CZ,0,130008_202505_CZ
5,2025,13,130009,HU001,HU,12,130009_202505_HU
5,2025,13,130009,RO001,RO,282,130009_202505_RO
5,2025,13,130010,HU001,HU,4,130010_202505_HU
5,2025,13,130036,RU001,RU,250,130036_202505_RU
5,2025,13,130028,CH001,CH,35,130028_202505_CH
5,2025,13,130029,IN001,IN,0,130029_202505_IN
5,2025,13,130011,BR001,BR,12,130011_202505_BR
5,2025,13,130012,CY001,CY,0,130012_202505_CY
5,2025,13,130012,FR001,FR,851,130012_202505_FR
5,2025,13,130012,PT001,PT,213,130012_202505_PT
5,2025,13,130037,BE001,BE,0,130037_202505_BE
5,2025,13,130013,GB001,GB,0,130013_202505_GB
5,2025,13,130013,SA001,SA,0,130013_202505_SA
5,2025,13,130013,TR001,TR,324,130013_202505_TR
5,2025,13,130015,ES001,ES,55,130015_202505_ES
5,2025,13,130016,ES001,ES,439,130016_202505_ES
5,2025,13,130017,AT001,AT,9,130017_202505_AT
5,2025,13,130017,DE001,DE,116,130017_202505_DE
5,2025,13,130018,IT001,IT,601,130018_202505_IT
5,2025,13,130019,PT001,PT,36,130019_202505_PT
5,2025,13,130020,GB001,GB,19,130020_202505_GB
5,2025,13,130021,JP001,JP,43,130021_202505_JP
5,2025,13,130030,CA001,CA,0,130030_202505_CA
5,2025,13,130031,CA001,CA,0,130031_202505_CA
5,2025,13,130032,CO001,CO,0,130032_202505_CO
5,2025,13,130032,US001,US,169,130032_202505_US
5,2025,13,130038,MX001,MX,0,130038_202505_MX
5,2025,13,130023,PL001,PL,14,130023_202505_PL
5,2025,13,130034,IT001,IT,59,130034_202505_IT
5,2025,13,130035,CH001,CH,3,130035_202505_CH
5,2025,13,130025,EG001,EG,156,130025_202505_EG
5,2025,13,130025,IQ001,IQ,0,130025_202505_IQ
5,2025,16,160001,GB001,GB,1418,160001_202505_GB
5,2025,16,160002,GB001,GB,2612,160002_202505_GB
5,2025,16,160002,IL001,IL,79,160002_202505_IL
5,2025,16,160003,GB001,GB,0,160003_202505_GB
5,2025,16,160003,PR001,PR,116,160003_202505_PR
5,2025,16,160003,US001,US,8327,160003_202505_US
5,2025,16,160004,GB001,GB,0,160004_202505_GB
5,2025,16,160004,IL001,IL,20,160004_202505_IL
5,2025,16,160004,PR001,PR,61,160004_202505_PR
5,2025,16,160004,US001,US,5155,160004_202505_US
5,2025,16,160005,DK001,DK,4,160005_202505_DK
5,2025,16,160005,NO001,NO,480,160005_202505_NO
5,2025,16,160006,DK001,DK,2,160006_202505_DK
5,2025,16,160006,NO001,NO,291,160006_202505_NO
5,2025,16,160007,FI001,FI,150,160007_202505_FI
5,2025,16,160007,GB001,GB,45,160007_202505_GB
5,2025,16,160008,FI001,FI,147,160008_202505_FI
5,2025,16,160008,GB001,GB,77,160008_202505_GB
5,2025,16,160009,CA001,CA,1444,160009_202505_CA
5,2025,16,160010,CA001,CA,1516,160010_202505_CA
5,2025,16,160013,AT001,AT,311,160013_202505_AT
5,2025,16,160014,AT001,AT,246,160014_202505_AT
5,2025,16,160015,DE001,DE,1925,160015_202505_DE
5,2025,16,160016,DE001,DE,2566,160016_202505_DE
5,2025,16,160017,CH001,CH,27,160017_202505_CH
5,2025,16,160018,CH001,CH,31,160018_202505_CH
5,2025,16,160019,FR001,FR,1640,160019_202505_FR
5,2025,16,160020,FR001,FR,2165,160020_202505_FR
5,2025,16,160021,BE001,BE,177,160021_202505_BE
5,2025,16,160021,NL001,NL,140,160021_202505_NL
5,2025,16,160022,BE001,BE,147,160022_202505_BE
5,2025,16,160022,NL001,NL,183,160022_202505_NL
5,2025,16,160023,CZ001,CZ,318,160023_202505_CZ
5,2025,16,160023,PL001,PL,57,160023_202505_PL
5,2025,16,160024,CZ001,CZ,338,160024_202505_CZ
5,2025,16,160024,PL001,PL,63,160024_202505_PL
5,2025,16,160025,IT001,IT,1915,160025_202505_IT
5,2025,16,160026,IT001,IT,1639,160026_202505_IT
5,2025,16,160028,BR001,BR,197,160028_202505_BR
5,2025,16,160029,BR001,BR,900,160029_202505_BR
5,2025,16,160030,TW001,TW,221,160030_202505_TW
5,2025,16,160031,GR001,GR,178,160031_202505_GR
5,2025,16,160033,DE001,DE,140,160033_202505_DE
5,2025,16,160033,ES001,ES,1849,160033_202505_ES
5,2025,16,160034,ES001,ES,2858,160034_202505_ES
5,2025,16,160035,PT001,PT,69,160035_202505_PT
5,2025,16,160036,PT001,PT,88,160036_202505_PT
5,2025,16,160037,MX001,MX,102,160037_202505_MX
5,2025,16,160038,MX001,MX,84,160038_202505_MX
5,2025,16,160039,AE002,AE,83,160039_202505_AE
5,2025,16,160040,AE002,AE,33,160040_202505_AE
5,2025,16,160040,IQ001,IQ,0,160040_202505_IQ
5,2025,16,160040,SA001,SA,106,160040_202505_SA
5,2025,16,160041,AR001,AR,577,160041_202505_AR
5,2025,16,160042,AR001,AR,379,160042_202505_AR
5,2025,16,160043,RO001,RO,0,160043_202505_RO
5,2025,16,160044,RO001,RO,0,160044_202505_RO
5,2025,16,160047,HK001,HK,271,160047_202505_HK
5,2025,16,160048,HK001,HK,185,160048_202505_HK
5,2025,16,160050,SG002,SG,31,160050_202505_SG
5,2025,16,160051,SG002,SG,8,160051_202505_SG
5,2025,16,160052,TR001,TR,22,160052_202505_TR
5,2025,16,160053,TR001,TR,11,160053_202505_TR
5,2025,16,160054,JP001,JP,4521,160054_202505_JP
5,2025,16,160055,JP001,JP,3522,160055_202505_JP
5,2025,16,160059,RU001,RU,1257,160059_202505_RU
5,2025,16,160060,RU001,RU,3087,160060_202505_RU
5,2025,16,160061,CN001,CN,147,160061_202505_CN
