month,year,PRODUCT_FAMILY,GMID,LOC,Country,Sales,Forecast,MAPE,MAPE_Impact,MAPE_Contribution,Absolute Error,Non Absolute Error
5,25,6,600001,KR001,KR,829,797,3.90%,0.00%,0.00%,32,-32
5,25,6,600002,HK001,HK,14,104.0312887,643.10%,0.01%,0.00%,90.03128874,90.03128874
5,25,6,600003,CA001,CA,824,920.7616305,11.70%,0.01%,0.00%,96.76163047,96.76163047
5,25,6,600004,MY001,MY,24,0,100.00%,0.00%,0.00%,24,-24
5,25,6,600005,AU001,AU,301,274,9.00%,0.00%,0.00%,27,-27
5,25,6,600006,MX001,MX,"2,506",1700,32.20%,0.05%,0.30%,806,-806
5,25,6,600007,AR001,AR,745,0,100.00%,0.05%,0.30%,745,-745
5,25,6,600008,CO001,CO,636,343,46.10%,0.02%,0.10%,293,-293
5,25,6,600010,CL001,CL,411,380,7.50%,0.00%,0.00%,31,-31
5,25,6,600011,US001,US,"6,793",7442.313732,9.60%,0.04%,0.20%,649.3137324,649.3137324
5,25,6,600012,IT001,IT,"1,194",1631.103827,36.60%,0.03%,0.20%,437.1038269,437.1038269
5,25,6,600015,TW001,TW,308,333.8160752,8.40%,0.00%,0.00%,25.81607521,25.81607521
5,25,6,600016,IN001,IN,177,243,37.30%,0.00%,0.00%,66,66
5,25,6,600018,AT001,AT,36,43.27633502,20.20%,0.00%,0.00%,7.276335023,7.276335023
5,25,6,600019,NO001,NO,53,42.82728135,19.20%,0.00%,0.00%,10.17271865,-10.17271865
5,25,6,600021,DE001,DE,63,57.69974326,8.40%,0.00%,0.00%,5.300256744,-5.300256744
5,25,6,600022,PT001,PT,339,269.4278273,20.50%,0.00%,0.00%,69.57217266,-69.57217266
5,25,6,600023,ES001,ES,"1,427",1344.343448,5.80%,0.01%,0.00%,82.65655244,-82.65655244
5,25,6,600024,PL001,PL,634,600,5.40%,0.00%,0.00%,34,-34
5,25,6,600025,HU001,HU,36,48,33.30%,0.00%,0.00%,12,12
5,25,6,600026,DK001,DK,160,142,11.30%,0.00%,0.00%,18,-18
5,25,6,600026,FI001,FI,21,31.25252525,48.80%,0.00%,0.00%,10.25252525,10.25252525
5,25,6,600026,SE001,SE,139,230,65.50%,0.01%,0.00%,91,91
5,25,6,600027,GR001,GR,96,96,0.00%,0.00%,0.00%,0,0
5,25,6,600028,CZ001,CZ,145,268,84.80%,0.01%,0.00%,123,123
5,25,6,600029,RO001,RO,0,72,,0.00%,0.00%,72,72
5,25,6,600030,AT001,AT,5,5,0.00%,0.00%,0.00%,1.77636E-15,-1.78E-15
5,25,6,600030,DE001,DE,13,27.62936987,112.50%,0.00%,0.00%,14.62936987,14.62936987
5,25,6,600031,IE001,IE,235,194.9470236,17.00%,0.00%,0.00%,40.05297639,-40.05297639
5,25,6,600032,BR001,BR,128,128,0.00%,0.00%,0.00%,0,0
5,25,6,600046,UA001,UA,0,3744,,0.25%,1.40%,3744,3744
5,25,6,600034,MA001,MA,660,199,69.80%,0.03%,0.20%,461,-461
5,25,6,600035,TR001,TR,"2,417",2143,11.30%,0.02%,0.10%,274,-274
5,25,6,600036,ZA001,ZA,62,131,111.30%,0.00%,0.00%,69,69
5,25,6,600039,GB001,GB,"2,762",2639.738112,4.40%,0.01%,0.00%,122.2618879,-122.2618879
5,25,6,600039,IL001,IL,16,16,0.00%,0.00%,0.00%,0,0
5,25,6,600041,BE001,BE,304,290.7170105,4.40%,0.00%,0.00%,13.28298955,-13.28298955
5,25,6,600041,NL001,NL,"1,057",676.7905414,36.00%,0.02%,0.10%,380.2094586,-380.2094586
5,25,6,600047,AE002,AE,0,36,,0.00%,0.00%,36,36
5,25,6,600047,EG001,EG,"2,330",2400,3.00%,0.00%,0.00%,70,70
5,25,6,600048,FR001,FR,"3,335",3409.101572,2.20%,0.00%,0.00%,74.10157194,74.10157194
5,25,6,600048,FR003,FR,0,0.756968347,,0.00%,0.00%,0.756968347,0.756968347
5,25,6,600048,MA001,MA,218,0,100.00%,0.01%,0.10%,218,-218
5,25,6,600042,RU001,RU,"5,366",5502,2.50%,0.01%,0.10%,136,136
5,25,6,600043,JP001,JP,"1,295",861.8402737,33.40%,0.03%,0.20%,433.1597263,-433.1597263
5,25,6,600049,DZ001,DZ,0,6000,,0.39%,2.30%,6000,6000
5,25,6,600049,MA001,MA,"1,113",1200,7.80%,0.01%,0.00%,87,87
5,25,1,100001,NZ001,NZ,76,29,61.80%,0.00%,0.00%,47,-47
5,25,1,100008,US001,US,823,1112,35.10%,0.02%,0.10%,289,289
5,25,1,100009,US001,US,"1,699",2044.392879,20.30%,0.02%,0.10%,345.3928787,345.3928787
5,25,1,100010,US001,US,358,514,43.60%,0.01%,0.10%,156,156
5,25,1,100011,US001,US,561,1121,99.80%,0.04%,0.20%,560,560
5,25,1,100012,US001,US,696,1139.394122,63.70%,0.03%,0.20%,443.3941217,443.3941217
5,25,1,100013,US001,US,"1,636",2052,25.40%,0.03%,0.20%,416,416
5,25,1,100020,KR001,KR,80,55,31.30%,0.00%,0.00%,25,-25
5,25,1,100021,KR001,KR,72,133,84.70%,0.00%,0.00%,61,61
5,25,1,100022,KR001,KR,60,116,93.30%,0.00%,0.00%,56,56
5,25,1,100035,TW001,TW,250,298,19.20%,0.00%,0.00%,48,48
5,25,1,100036,TW001,TW,40,45,12.50%,0.00%,0.00%,5,5
5,25,1,100041,TW001,TW,260,259,0.40%,0.00%,0.00%,1,-1
5,25,1,100025,JP001,JP,35,20,42.90%,0.00%,0.00%,15,-15
5,25,1,100026,JP001,JP,79,70,11.40%,0.00%,0.00%,9,-9
5,25,1,100027,JP001,JP,61,40,34.40%,0.00%,0.00%,21,-21
5,25,1,100028,JP001,JP,17,107,529.40%,0.01%,0.00%,90,90
5,25,1,100029,JP001,JP,336,468,39.30%,0.01%,0.10%,132,132
5,25,1,100030,JP001,JP,266,353,32.70%,0.01%,0.00%,87,87
5,25,1,100031,CA001,CA,28,32,14.30%,0.00%,0.00%,4,4
5,25,1,100032,CA001,CA,28,32,14.30%,0.00%,0.00%,4,4
5,25,1,100033,CA001,CA,226,199,11.90%,0.00%,0.00%,27,-27
5,25,1,100034,CA001,CA,244,276,13.10%,0.00%,0.00%,32,32
5,25,1,100042,HK001,HK,237,160,32.50%,0.01%,0.00%,77,-77
5,25,1,100037,AU001,AU,19,18,5.30%,0.00%,0.00%,1,-1
5,25,1,100037,NZ001,NZ,4,6,50.00%,0.00%,0.00%,2,2
5,25,1,100043,AU001,AU,83,85,2.40%,0.00%,0.00%,2,2
5,25,1,100038,AU001,AU,100,129,29.00%,0.00%,0.00%,29,29
5,25,1,100038,NZ001,NZ,34,27,20.60%,0.00%,0.00%,7,-7
5,25,1,100044,AU001,AU,229,249,8.70%,0.00%,0.00%,20,20
5,25,1,100044,NZ001,NZ,61,53,13.10%,0.00%,0.00%,8,-8
5,25,1,100039,AU001,AU,234,256,9.40%,0.00%,0.00%,22,22
5,25,1,100039,NZ001,NZ,46,46,0.00%,0.00%,0.00%,0,0
5,25,1,100040,AU001,AU,198,173,12.60%,0.00%,0.00%,25,-25
5,25,1,100040,NZ001,NZ,41,46,12.20%,0.00%,0.00%,5,5
5,25,1,100045,HK001,HK,401,325.0162941,18.90%,0.00%,0.00%,75.98370588,-75.98370588
5,25,2,200001,US001,US,"2,277",2307.586547,1.30%,0.00%,0.00%,30.58654736,30.58654736
5,25,2,200002,US001,US,"2,062",2381.39965,15.50%,0.02%,0.10%,319.3996496,319.3996496
5,25,2,200003,US001,US,"2,597",3039.762385,17.00%,0.03%,0.20%,442.7623846,442.7623846
5,25,2,200004,US001,US,"2,954",3055.543221,3.40%,0.01%,0.00%,101.5432211,101.5432211
5,25,2,200005,US001,US,889,1308.91311,47.20%,0.03%,0.20%,419.9131104,419.9131104
5,25,2,200006,US001,US,"1,618",2261.509852,39.80%,0.04%,0.20%,643.5098516,643.5098516
5,25,2,200007,JP001,JP,103,283,174.80%,0.01%,0.10%,180,180
5,25,2,200008,JP001,JP,84,181,115.50%,0.01%,0.00%,97,97
5,25,2,200009,JP001,JP,237,312,31.60%,0.00%,0.00%,75,75
5,25,2,200010,JP001,JP,879,1196,36.10%,0.02%,0.10%,317,317
5,25,2,200011,JP001,JP,629,690,9.70%,0.00%,0.00%,60.99999998,60.99999998
5,25,2,200012,JP001,JP,14,44,214.30%,0.00%,0.00%,30,30
5,25,2,200014,TW001,TW,60,91,51.70%,0.00%,0.00%,31,31
5,25,2,200015,TW001,TW,700,500,28.60%,0.01%,0.10%,200,-200
5,25,2,200016,TW001,TW,850,523,38.50%,0.02%,0.10%,327,-327
5,25,2,200017,TW001,TW,800,738,7.80%,0.00%,0.00%,62,-62
5,25,3,300001,AT001,AT,28,30.60514286,9.30%,0.00%,0.00%,2.605142857,2.605142857
5,25,3,300001,DE001,DE,302,175.8097085,41.80%,0.01%,0.00%,126.1902915,-126.1902915
5,25,3,300002,AT001,AT,2,2,0.00%,0.00%,0.00%,0,0
5,25,3,300004,FR001,FR,553,371.6339627,32.80%,0.01%,0.10%,181.3660373,-181.3660373
5,25,3,300004,FR003,FR,61,18.08372402,70.40%,0.00%,0.00%,42.91627598,-42.91627598
5,25,3,300005,AE002,AE,0,45,,0.00%,0.00%,45,45
5,25,3,300005,FI001,FI,0,8,,0.00%,0.00%,8,8
5,25,3,300005,GB001,GB,0,10,,0.00%,0.00%,10,10
5,25,3,300005,OM001,OM,0,10,,0.00%,0.00%,10,10
5,25,3,300005,SA001,SA,0,41,,0.00%,0.00%,41,41
5,25,3,300005,SE001,SE,19,24,26.30%,0.00%,0.00%,5,5
5,25,3,300006,US001,US,"2,107",2000,5.10%,0.01%,0.00%,106.9999999,-106.9999999
5,25,3,300007,GB001,GB,308,500.1671188,62.40%,0.01%,0.10%,192.1671188,192.1671188
5,25,3,300008,BE001,BE,78,60.00822248,23.10%,0.00%,0.00%,17.99177752,-17.99177752
5,25,3,300008,NL001,NL,77,60,22.10%,0.00%,0.00%,17,-17
5,25,3,300010,CH001,CH,57,70,22.80%,0.00%,0.00%,13,13
5,25,3,300011,IT001,IT,"1,333",571.9662873,57.10%,0.05%,0.30%,761.0337127,-761.0337127
5,25,3,300012,HU001,HU,0,32,,0.00%,0.00%,32,32
5,25,3,300012,RO001,RO,99,90,9.10%,0.00%,0.00%,9,-9
5,25,3,300013,IL001,IL,275,100,63.60%,0.01%,0.10%,175,-175
5,25,3,300014,CZ001,CZ,0,32,,0.00%,0.00%,32,32
5,25,3,300015,ES001,ES,232,224.4833184,3.20%,0.00%,0.00%,7.51668161,-7.51668161
5,25,3,300015,PT001,PT,57,64,12.30%,0.00%,0.00%,7,7
5,25,3,300016,GR001,GR,191,229.2979452,20.10%,0.00%,0.00%,38.29794521,38.29794521
5,25,3,300018,CO001,CO,30,32,6.70%,0.00%,0.00%,2,2
5,25,3,300019,JP001,JP,310,386.3333333,24.60%,0.01%,0.00%,76.33333333,76.33333333
5,25,7,700006,KR001,KR,6,11,83.30%,0.00%,0.00%,5,5
5,25,7,700008,CO001,CO,9,19,111.10%,0.00%,0.00%,10,10
5,25,7,700009,AR001,AR,8,11,37.50%,0.00%,0.00%,3,3
5,25,7,700012,IL001,IL,39,47,20.50%,0.00%,0.00%,8,8
5,25,7,700023,IE001,IE,0,1,,0.00%,0.00%,1,1
5,25,7,700024,CO001,CO,"1,080",0,100.00%,0.07%,0.40%,1080,-1080
5,25,7,700030,US001,US,719,703.8416667,2.10%,0.00%,0.00%,15.15833334,-15.15833334
5,25,7,700031,AT001,AT,11,10.70968355,2.60%,0.00%,0.00%,0.290316452,-0.290316452
5,25,7,700031,DE001,DE,22,15.03979747,31.60%,0.00%,0.00%,6.960202526,-6.960202526
5,25,7,700025,DK001,DK,0,5,,0.00%,0.00%,5,5
5,25,7,700025,FI001,FI,7,7,0.00%,0.00%,0.00%,0,0
5,25,7,700025,NO001,NO,0,2,,0.00%,0.00%,2,2
5,25,7,700025,SE001,SE,2,3,50.00%,0.00%,0.00%,1,1
5,25,7,700032,FR001,FR,130,82.1372725,36.80%,0.00%,0.00%,47.8627275,-47.8627275
5,25,7,700032,FR003,FR,4,44.61987036,1015.50%,0.00%,0.00%,40.61987036,40.61987036
5,25,7,700033,DE001,DE,23,15.42374229,32.90%,0.00%,0.00%,7.576257708,-7.576257708
5,25,7,700034,CA001,CA,6,11.9026952,98.40%,0.00%,0.00%,5.902695201,5.902695201
5,25,7,700035,GB001,GB,126,120.932021,4.00%,0.00%,0.00%,5.067978975,-5.067978975
5,25,7,700036,ES001,ES,149,172.7215396,15.90%,0.00%,0.00%,23.7215396,23.7215396
5,25,7,700046,AU001,AU,29,32,10.30%,0.00%,0.00%,3,3
5,25,7,700026,GR001,GR,21,24,14.30%,0.00%,0.00%,3,3
5,25,7,700038,PT001,PT,7,11.28074796,61.20%,0.00%,0.00%,4.280747956,4.280747956
5,25,7,700039,HU001,HU,12,23,91.70%,0.00%,0.00%,11,11
5,25,7,700040,RO001,RO,30,26,13.30%,0.00%,0.00%,4,-4
5,25,7,700041,PL001,PL,26,24,7.70%,0.00%,0.00%,2,-2
5,25,7,700042,CZ001,CZ,0,6,,0.00%,0.00%,6,6
5,25,7,700043,CH001,CH,8,8,0.00%,0.00%,0.00%,0,0
5,25,7,700045,BE001,BE,7,10.75313065,53.60%,0.00%,0.00%,3.753130646,3.753130646
5,25,7,700045,NL001,NL,0,13.58137032,,0.00%,0.00%,13.58137032,13.58137032
5,25,7,700047,IT001,IT,151,135.2511594,10.40%,0.00%,0.00%,15.74884057,-15.74884057
5,25,7,700028,JP001,JP,152,125.3468612,17.50%,0.00%,0.00%,26.65313878,-26.65313878
5,25,8,800001,BR001,BR,0,28738,,1.88%,10.90%,28738,28738
5,25,8,800007,ZA001,ZA,483,567,17.40%,0.01%,0.00%,84,84
5,25,8,800016,IT001,IT,"3,376",2999.82908,11.10%,0.02%,0.10%,376.1709203,-376.1709203
5,25,8,800017,MA001,MA,0,17,,0.00%,0.00%,17,17
5,25,8,800022,IQ001,IQ,"4,878",0,100.00%,0.32%,1.90%,4878,-4878
5,25,8,800024,CZ001,CZ,250,199,20.40%,0.00%,0.00%,51,-51
5,25,8,800025,PL001,PL,670,704,5.10%,0.00%,0.00%,34,34
5,25,8,800026,HU001,HU,266,314,18.00%,0.00%,0.00%,48,48
5,25,8,800059,UA001,UA,0,2794,,0.18%,1.10%,2794,2794
5,25,8,800027,TR001,TR,"9,153",7127,22.10%,0.13%,0.80%,2026,-2026
5,25,8,800028,AT001,AT,27,27.12085405,0.40%,0.00%,0.00%,0.120854053,0.120854053
5,25,8,800029,CH001,CH,444,479.7373693,8.00%,0.00%,0.00%,35.73736931,35.73736931
5,25,8,800030,DK001,DK,128,150.3773955,17.50%,0.00%,0.00%,22.37739551,22.37739551
5,25,8,800030,NO001,NO,237,200,15.60%,0.00%,0.00%,37,-37
5,25,8,800031,FI001,FI,66,78.39353586,18.80%,0.00%,0.00%,12.39353586,12.39353586
5,25,8,800031,SE001,SE,743,764,2.80%,0.00%,0.00%,21,21
5,25,8,800032,FR001,FR,"2,246",2561.817692,14.10%,0.02%,0.10%,315.8176925,315.8176925
5,25,8,800032,FR003,FR,20,126.4851546,532.40%,0.01%,0.00%,106.4851546,106.4851546
5,25,8,800033,GR001,GR,790,740,6.30%,0.00%,0.00%,50,-50
5,25,8,800034,PT001,PT,"1,075",1129.942322,5.10%,0.00%,0.00%,54.94232201,54.94232201
5,25,8,800035,ES001,ES,"1,074",1054.482419,1.80%,0.00%,0.00%,19.51758121,-19.51758121
5,25,8,800036,RO001,RO,843,740,12.20%,0.01%,0.00%,103,-103
5,25,8,800037,DE001,DE,61,70.09049115,14.90%,0.00%,0.00%,9.090491147,9.090491147
5,25,8,800038,DE001,DE,47,77.90882629,65.80%,0.00%,0.00%,30.90882629,30.90882629
5,25,8,800039,AT001,AT,51,53.7895538,5.50%,0.00%,0.00%,2.789553804,2.789553804
5,25,8,800040,GB001,GB,821,818.8748794,0.30%,0.00%,0.00%,2.1251206,-2.1251206
5,25,8,800041,SA001,SA,"1,140",1140,0.00%,0.00%,0.00%,0,0
5,25,8,800042,IL001,IL,598,927,55.00%,0.02%,0.10%,329,329
5,25,8,800043,AE002,AE,33,0,100.00%,0.00%,0.00%,33,-33
5,25,8,800043,IE001,IE,60,33.2829566,44.50%,0.00%,0.00%,26.7170434,-26.7170434
5,25,8,800043,LBN01,LB,600,600,0.00%,0.00%,0.00%,0,0
5,25,8,800043,OM001,OM,0,169,,0.01%,0.10%,169,169
5,25,8,800043,TN001,TN,216,0,100.00%,0.01%,0.10%,216,-216
5,25,8,800044,EG001,EG,0,6040,,0.40%,2.30%,6040,6040
5,25,8,800045,MA001,MA,50,54,8.00%,0.00%,0.00%,4,4
5,25,8,800045,TN001,TN,0,216,,0.01%,0.10%,216,216
5,25,8,800046,CAR01,CA,0,39,,0.00%,0.00%,39,39
5,25,8,800046,US001,US,"11,404",11776.79855,3.30%,0.02%,0.10%,372.7985519,372.7985519
5,25,8,800047,BE001,BE,400,350.6723234,12.30%,0.00%,0.00%,49.32767661,-49.32767661
5,25,8,800047,NL001,NL,759,666.8501555,12.10%,0.01%,0.00%,92.14984453,-92.14984453
5,25,8,800063,TW001,TW,208,336.3333333,61.70%,0.01%,0.00%,128.3333333,128.3333333
5,25,8,800048,HK001,HK,70,85.72239695,22.50%,0.00%,0.00%,15.72239695,15.72239695
5,25,8,800064,AU001,AU,85,77,9.40%,0.00%,0.00%,8,-8
5,25,8,800064,NZ001,NZ,32,32,0.00%,0.00%,0.00%,0,0
5,25,8,800050,CL001,CL,684,1000,46.20%,0.02%,0.10%,316,316
5,25,8,800051,SG002,SG,12,12,0.00%,0.00%,0.00%,0,0
5,25,8,800052,TH001,TH,312,330,5.80%,0.00%,0.00%,18,18
5,25,8,800053,MY001,MY,24,121,404.20%,0.01%,0.00%,97,97
5,25,8,800054,IN001,IN,340,1246,266.50%,0.06%,0.30%,906,906
5,25,8,800055,JP001,JP,538,493.9,8.20%,0.00%,0.00%,44.1,-44.1
5,25,8,800056,CA001,CA,660,574,13.00%,0.01%,0.00%,86,-86
5,25,8,800066,KR001,KR,251,254,1.20%,0.00%,0.00%,3,3
5,25,8,800057,MX001,MX,"1,238",1007,18.70%,0.02%,0.10%,231,-231
5,25,8,800067,CO001,CO,"3,002",1713,42.90%,0.08%,0.50%,1289,-1289
5,25,8,800068,GT001,GT,476,32,93.30%,0.03%,0.20%,444,-444
5,25,8,800069,PE001,PE,0,326,,0.02%,0.10%,326,326
5,25,8,800071,AR001,AR,"1,754",2210,26.00%,0.03%,0.20%,456,456
5,25,8,800071,PY001,PY,0,1323,,0.09%,0.50%,1323,1323
5,25,8,800072,MA001,MA,2,0,100.00%,0.00%,0.00%,2,-2
5,25,15,150001,PR001,PR,461,458,0.70%,0.00%,0.00%,3,-3
5,25,15,150001,US001,US,"110,613",124212,12.30%,0.89%,5.20%,13599,13599
5,25,15,150002,AT001,AT,"1,889",1554.050667,17.70%,0.02%,0.10%,334.9493329,-334.9493329
5,25,15,150002,DE001,DE,"1,792",2004.164122,11.80%,0.01%,0.10%,212.1641221,212.1641221
5,25,15,150002,PT001,PT,0,2.312413973,,0.00%,0.00%,2.312413973,2.312413973
5,25,15,150003,DE001,DE,"4,870",5330.873733,9.50%,0.03%,0.20%,460.8737326,460.8737326
5,25,15,150007,CA001,CA,"12,551",10965,12.60%,0.10%,0.60%,1586,-1586
5,25,15,150008,DK001,DK,631,492.3863626,22.00%,0.01%,0.10%,138.6136374,-138.6136374
5,25,15,150008,IS001,IS,30,22.8219184,23.90%,0.00%,0.00%,7.1780816,-7.1780816
5,25,15,150008,NO001,NO,467,312.698647,33.00%,0.01%,0.10%,154.301353,-154.301353
5,25,15,150009,FI001,FI,204,196,3.90%,0.00%,0.00%,8,-8
5,25,15,150009,SE001,SE,805,1045.243776,29.80%,0.02%,0.10%,240.2437755,240.2437755
5,25,15,150010,KR001,KR,"4,980",5400,8.40%,0.03%,0.20%,420,420
5,25,15,150011,GB001,GB,"3,766",3696.272197,1.90%,0.00%,0.00%,69.72780301,-69.72780301
5,25,15,150012,ES001,ES,"1,332",1263.092268,5.20%,0.00%,0.00%,68.9077315,-68.9077315
5,25,15,150013,BR001,BR,"2,370",12459,425.70%,0.66%,3.80%,10089,10089
5,25,15,150014,AU001,AU,"22,877",20526,10.30%,0.15%,0.90%,2351,-2351
5,25,15,150014,NZ001,NZ,8,12,50.00%,0.00%,0.00%,4,4
5,25,15,150015,BE001,BE,514,516.3826629,0.50%,0.00%,0.00%,2.382662941,2.382662941
5,25,15,150016,IL001,IL,"2,423",2582,6.60%,0.01%,0.10%,159,159
5,25,15,150018,FR001,FR,"8,107",7594.270995,6.30%,0.03%,0.20%,512.7290054,-512.7290054
5,25,15,150018,FR003,FR,195,292.2131721,49.90%,0.01%,0.00%,97.21317206,97.21317206
5,25,15,150019,MX001,MX,"1,345",919,31.70%,0.03%,0.20%,426,-426
5,25,15,150021,PL001,PL,"2,066",1746,15.50%,0.02%,0.10%,320,-320
5,25,15,150024,CO001,CO,"3,839",4718,22.90%,0.06%,0.30%,879,879
5,25,15,150025,PR001,PR,64,58,9.40%,0.00%,0.00%,6,-6
5,25,15,150025,US001,US,"16,811",14933,11.20%,0.12%,0.70%,1878,-1878
5,25,15,150026,SG002,SG,"1,726",922,46.60%,0.05%,0.30%,804,-804
5,25,15,150028,TW001,TW,"2,328",2105,9.60%,0.01%,0.10%,223,-223
5,25,15,150029,MY001,MY,936,830,11.30%,0.01%,0.00%,106,-106
5,25,15,150030,AT001,AT,86,66.49740913,22.70%,0.00%,0.00%,19.50259087,-19.50259087
5,25,15,150030,DE001,DE,283,421.1633895,48.80%,0.01%,0.10%,138.1633895,138.1633895
5,25,15,150031,DE001,DE,406,411.318732,1.30%,0.00%,0.00%,5.318732011,5.318732011
5,25,15,150032,CZ001,CZ,725,1100,51.70%,0.02%,0.10%,375,375
5,25,15,150033,CA001,CA,"1,395",1177,15.60%,0.01%,0.10%,218,-218
5,25,15,150034,ES001,ES,95,74.48675908,21.60%,0.00%,0.00%,20.51324092,-20.51324092
5,25,15,150034,PT001,PT,8,8,0.00%,0.00%,0.00%,0,0
5,25,15,150035,PT001,PT,220,178.6439697,18.80%,0.00%,0.00%,41.35603026,-41.35603026
5,25,15,150036,CO001,CO,682,681,0.10%,0.00%,0.00%,1,-1
5,25,15,150037,CAR01,CA,0,1,,0.00%,0.00%,1,1
5,25,15,150037,CR001,CR,0,1,,0.00%,0.00%,1,1
5,25,15,150037,GT001,GT,0,16,,0.00%,0.00%,16,16
5,25,15,150037,PA001,PA,0,265,,0.02%,0.10%,265,265
5,25,15,150038,TH001,TH,510,0,100.00%,0.03%,0.20%,510,-510
5,25,15,150039,GB001,GB,336,323.4843483,3.70%,0.00%,0.00%,12.51565174,-12.51565174
5,25,15,150041,KR001,KR,710,663,6.60%,0.00%,0.00%,47,-47
5,25,15,150042,FI001,FI,20,20,0.00%,0.00%,0.00%,5.32907E-14,5.32907E-14
5,25,15,150042,SE001,SE,64,63.49076809,0.80%,0.00%,0.00%,0.509231906,-0.509231906
5,25,15,150043,BR001,BR,400,2049,412.30%,0.11%,0.60%,1649,1649
5,25,15,150045,DK001,DK,20,26.42919278,32.10%,0.00%,0.00%,6.429192777,6.429192777
5,25,15,150045,IS001,IS,6,3.819998009,36.30%,0.00%,0.00%,2.180001991,-2.180001991
5,25,15,150045,NO001,NO,38,27.6884444,27.10%,0.00%,0.00%,10.3115556,-10.3115556
5,25,15,150047,GB001,GB,0,0,,0.00%,0.00%,0,0
5,25,15,150047,PR001,PR,"1,795",1646,8.30%,0.01%,0.10%,149,-149
5,25,15,150047,US001,US,"375,879",367152,2.30%,0.57%,3.30%,8727,-8727
5,25,15,150048,PR001,PR,173,139,19.70%,0.00%,0.00%,34,-34
5,25,15,150048,US001,US,"24,662",27202,10.30%,0.17%,1.00%,2540,2540
5,25,15,150052,IT001,IT,371,544,46.60%,0.01%,0.10%,173,173
5,25,15,150054,RO001,RO,30,70,133.30%,0.00%,0.00%,40,40
5,25,15,150057,GR001,GR,12,34,183.30%,0.00%,0.00%,22,22
5,25,15,150058,FR001,FR,"1,100",1095.738952,0.40%,0.00%,0.00%,4.261047521,-4.261047521
5,25,15,150058,FR003,FR,30,50.84014676,69.50%,0.00%,0.00%,20.84014676,20.84014676
5,25,15,150059,CN001,CN,"116,981",109379,6.50%,0.50%,2.90%,7602,-7602
5,25,15,150065,BE001,BE,47,45,4.30%,0.00%,0.00%,2,-2
5,25,15,150068,ZA001,ZA,111,105,5.40%,0.00%,0.00%,6,-6
5,25,15,150069,IL001,IL,226,211,6.60%,0.00%,0.00%,15,-15
5,25,15,150070,MX001,MX,66,96,45.50%,0.00%,0.00%,30,30
5,25,15,150074,IT001,IT,440,432.434117,1.70%,0.00%,0.00%,7.565883034,-7.565883034
5,25,15,150077,IT001,IT,10,0,100.00%,0.00%,0.00%,10,-10
5,25,15,150079,CZ001,CZ,63,79,25.40%,0.00%,0.00%,16,16
5,25,15,150086,AU001,AU,"4,504",4461,1.00%,0.00%,0.00%,43,-43
5,25,15,150086,NZ001,NZ,1,2,100.00%,0.00%,0.00%,1,1
5,25,15,150088,PL001,PL,384,526,37.00%,0.01%,0.10%,142,142
5,25,15,150089,SG002,SG,25,5,80.00%,0.00%,0.00%,20,-20
5,25,15,150090,MY001,MY,48,25,47.90%,0.00%,0.00%,23,-23
5,25,15,150091,TH001,TH,3,4,33.30%,0.00%,0.00%,1,1
5,25,15,150160,IT001,IT,7,0,100.00%,0.00%,0.00%,7,-7
5,25,15,150093,CN001,CN,"9,018",9149,1.50%,0.01%,0.00%,131,131
5,25,15,150095,CL001,CL,24,32,33.30%,0.00%,0.00%,8,8
5,25,15,150096,CL001,CL,277,235,15.20%,0.00%,0.00%,42,-42
5,25,15,150100,IL001,IL,273,280,2.60%,0.00%,0.00%,7,7
5,25,15,150101,IL001,IL,"1,684",1390,17.50%,0.02%,0.10%,294,-294
5,25,15,150102,KR001,KR,"5,094",5506,8.10%,0.03%,0.20%,412,412
5,25,15,150105,KR001,KR,115,130,13.00%,0.00%,0.00%,15,15
5,25,15,150107,GR001,GR,2,6,200.00%,0.00%,0.00%,4,4
5,25,15,150107,RO001,RO,0,20,,0.00%,0.00%,20,20
5,25,15,150108,GR001,GR,16,34,112.50%,0.00%,0.00%,18,18
5,25,15,150109,IT001,IT,"8,224",7721.12258,6.10%,0.03%,0.20%,502.8774204,-502.8774204
5,25,15,150110,AE002,AE,18,0,100.00%,0.00%,0.00%,18,-18
5,25,15,150110,EG001,EG,34,41,20.60%,0.00%,0.00%,7,7
5,25,15,150111,EG001,EG,302,949,214.20%,0.04%,0.20%,647,647
5,25,15,150111,LBN01,LB,0,200,,0.01%,0.10%,200,200
5,25,15,150112,BE001,BE,516,350.2931667,32.10%,0.01%,0.10%,165.7068333,-165.7068333
5,25,15,150112,NL001,NL,"1,246",1495.437931,20.00%,0.02%,0.10%,249.4379312,249.4379312
5,25,15,150113,BE001,BE,64,50.50230391,21.10%,0.00%,0.00%,13.49769609,-13.49769609
5,25,15,150113,NL001,NL,121,146.3950403,21.00%,0.00%,0.00%,25.39504026,25.39504026
5,25,15,150114,FR001,FR,820,560.2049174,31.70%,0.02%,0.10%,259.7950826,-259.7950826
5,25,15,150114,FR003,FR,1,8.438776277,743.90%,0.00%,0.00%,7.438776277,7.438776277
5,25,15,150115,AR001,AR,"1,464",1452,0.80%,0.00%,0.00%,12,-12
5,25,15,150117,AR001,AR,98,55,43.90%,0.00%,0.00%,43,-43
5,25,15,150161,TR001,TR,"1,610",1639,1.80%,0.00%,0.00%,29,29
5,25,15,150118,GB001,GB,0,4.75,,0.00%,0.00%,4.75,4.75
5,25,15,150118,IE001,IE,6,2.096407625,65.10%,0.00%,0.00%,3.903592375,-3.903592375
5,25,15,150119,GB001,GB,13,37.55499479,188.90%,0.00%,0.00%,24.55499479,24.55499479
5,25,15,150119,IE001,IE,45,50.92857143,13.20%,0.00%,0.00%,5.928571429,5.928571429
5,25,15,150120,GB001,GB,7,15,114.30%,0.00%,0.00%,8,8
5,25,15,150120,IE001,IE,143,128.8111843,9.90%,0.00%,0.00%,14.1888157,-14.1888157
5,25,15,150120,NL001,NL,"1,118",1015,9.20%,0.01%,0.00%,103,-103
5,25,15,150121,GB001,GB,101,150,48.50%,0.00%,0.00%,49,49
5,25,15,150121,IE001,IE,"1,366",1091.673049,20.10%,0.02%,0.10%,274.3269512,-274.3269512
5,25,15,150121,NL001,NL,"2,738",5262,92.20%,0.17%,1.00%,2524,2524
5,25,15,150122,ES001,ES,"2,488",2379.91938,4.30%,0.01%,0.00%,108.08062,-108.08062
5,25,15,150123,ES001,ES,"17,366",17679.27964,1.80%,0.02%,0.10%,313.2796355,313.2796355
5,25,15,150124,AT001,AT,230,197.7765566,14.00%,0.00%,0.00%,32.22344345,-32.22344345
5,25,15,150124,DE001,DE,413,416.6935746,0.90%,0.00%,0.00%,3.693574603,3.693574603
5,25,15,150125,AT001,AT,"6,846",7357.109577,7.50%,0.03%,0.20%,511.1095775,511.1095775
5,25,15,150125,DE001,DE,"2,845",2580.193522,9.30%,0.02%,0.10%,264.8064781,-264.8064781
5,25,15,150126,DE001,DE,770,824.760715,7.10%,0.00%,0.00%,54.76071501,54.76071501
5,25,15,150127,DE001,DE,"9,840",10857.23019,10.30%,0.07%,0.40%,1017.230194,1017.230194
5,25,15,150128,HK001,HK,216,121,44.00%,0.01%,0.00%,95,-95
5,25,15,150129,HK001,HK,"1,115",1145,2.70%,0.00%,0.00%,30,30
5,25,15,150135,TW001,TW,255,200,21.60%,0.00%,0.00%,55,-55
5,25,15,150162,CA001,CA,"13,743",8864,35.50%,0.32%,1.90%,4879,-4879
5,25,15,150163,CA001,CA,"1,684",1011,40.00%,0.04%,0.30%,673,-673
5,25,15,150136,GB001,GB,"16,113",15016.92156,6.80%,0.07%,0.40%,1096.078444,-1096.078444
5,25,15,150164,GB001,GB,"2,704",2550.295269,5.70%,0.01%,0.10%,153.7047306,-153.7047306
5,25,15,150137,DK001,DK,"1,702",1398.796562,17.80%,0.02%,0.10%,303.2034376,-303.2034376
5,25,15,150137,IS001,IS,80,70.07965868,12.40%,0.00%,0.00%,9.92034132,-9.92034132
5,25,15,150137,NO001,NO,"1,694",1449.364269,14.40%,0.02%,0.10%,244.6357306,-244.6357306
5,25,15,150138,DK001,DK,83,61.24205137,26.20%,0.00%,0.00%,21.75794863,-21.75794863
5,25,15,150138,IS001,IS,150,115.5542728,23.00%,0.00%,0.00%,34.44572719,-34.44572719
5,25,15,150138,NO001,NO,187,140,25.10%,0.00%,0.00%,47,-47
5,25,15,150139,FR001,FR,"29,564",25614.96713,13.40%,0.26%,1.50%,3949.032874,-3949.032874
5,25,15,150139,FR003,FR,306,546.6485413,78.60%,0.02%,0.10%,240.6485413,240.6485413
5,25,15,150140,FR001,FR,"2,425",2126.976143,12.30%,0.02%,0.10%,298.0238568,-298.0238568
5,25,15,150140,FR003,FR,53,92.80350755,75.10%,0.00%,0.00%,39.80350755,39.80350755
5,25,15,150141,PT001,PT,"2,908",2704.670864,7.00%,0.01%,0.10%,203.3291359,-203.3291359
5,25,15,150142,PT001,PT,262,192.2507527,26.60%,0.00%,0.00%,69.74924725,-69.74924725
5,25,15,150143,CZ001,CZ,"1,141",1699,48.90%,0.04%,0.20%,558,558
5,25,15,150143,PL001,PL,327,493,50.80%,0.01%,0.10%,166,166
5,25,15,150144,CZ001,CZ,86,220,155.80%,0.01%,0.10%,134,134
5,25,15,150144,PL001,PL,67,32,52.20%,0.00%,0.00%,35,-35
5,25,15,150165,CH001,CH,"2,808",2796.382515,0.40%,0.00%,0.00%,11.61748514,-11.61748514
5,25,15,150166,CH001,CH,277,218.8199695,21.00%,0.00%,0.00%,58.18003049,-58.18003049
5,25,15,150145,BE001,BE,125,66,47.20%,0.00%,0.00%,59,-59
5,25,15,150146,BE001,BE,133,85.29844094,35.90%,0.00%,0.00%,47.70155906,-47.70155906
5,25,15,150147,BE001,BE,919,600,34.70%,0.02%,0.10%,319,-319
5,25,15,150148,BE001,BE,641,602.9802807,5.90%,0.00%,0.00%,38.01971926,-38.01971926
5,25,15,150167,RO001,RO,460,687,49.30%,0.01%,0.10%,227,227
5,25,15,150183,AE002,AE,500,353.6666667,29.30%,0.01%,0.10%,146.3333333,-146.3333333
5,25,15,150183,KW001,KW,0,180,,0.01%,0.10%,180,180
5,25,15,150184,AE002,AE,"4,900",5086.5,3.80%,0.01%,0.10%,186.5,186.5
5,25,15,150184,BH001,BH,0,485,,0.03%,0.20%,485,485
5,25,15,150184,KW001,KW,400,0,100.00%,0.03%,0.20%,400,-400
5,25,15,150168,CY001,CY,15,0,100.00%,0.00%,0.00%,15,-15
5,25,15,150168,GR001,GR,915,781,14.60%,0.01%,0.10%,134,-134
5,25,15,150168,RO001,RO,"1,025",1183,15.40%,0.01%,0.10%,158,158
5,25,15,150185,IT001,IT,1,0,100.00%,0.00%,0.00%,1,-1
5,25,15,150169,FI001,FI,119,127,6.70%,0.00%,0.00%,8,8
5,25,15,150169,SE001,SE,186,161.5093205,13.20%,0.00%,0.00%,24.49067953,-24.49067953
5,25,15,150170,FI001,FI,"1,627",1458,10.40%,0.01%,0.10%,169,-169
5,25,15,150170,SE001,SE,"3,274",3181.768409,2.80%,0.01%,0.00%,92.2315905,-92.2315905
5,25,15,150171,HU001,HU,"1,217",1459,19.90%,0.02%,0.10%,242,242
5,25,15,150189,IT001,IT,0,0,,0.00%,0.00%,0,0
5,25,15,150172,IT001,IT,"1,401",1463.374363,4.50%,0.00%,0.00%,62.3743634,62.3743634
5,25,15,150173,IT001,IT,"29,232",26145.42146,10.60%,0.20%,1.20%,3086.578536,-3086.578536
5,25,15,150174,SA001,SA,94,94.4605598,0.50%,0.00%,0.00%,0.460559796,0.460559796
5,25,15,150175,SA001,SA,"5,834",5833.984823,0.00%,0.00%,0.00%,0.015177154,-0.015177154
5,25,15,150150,JP001,JP,"10,266",12459,21.40%,0.14%,0.80%,2193,2193
5,25,15,150151,FR001,FR,188,88.04113614,53.20%,0.01%,0.00%,99.95886386,-99.95886386
5,25,15,150151,FR003,FR,0,0.958863859,,0.00%,0.00%,0.958863859,0.958863859
5,25,15,150176,IN001,IN,0,0,,0.00%,0.00%,0,0
5,25,15,150152,JP001,JP,"13,960",15876,13.70%,0.13%,0.70%,1916,1916
5,25,15,150186,RU001,RU,213,360,69.00%,0.01%,0.10%,147,147
5,25,15,150187,RU001,RU,"4,377",4992,14.10%,0.04%,0.20%,615,615
5,25,15,150177,JP001,JP,"168,486",188159,11.70%,1.29%,7.50%,19673,19673
5,25,15,150178,ZA001,ZA,9,35,288.90%,0.00%,0.00%,26,26
5,25,15,150179,BR001,BR,50,2731,5362.00%,0.18%,1.00%,2681,2681
5,25,15,150180,BR001,BR,0,447,,0.03%,0.20%,447,447
5,25,15,150181,HU001,HU,51,53,3.90%,0.00%,0.00%,2,2
5,25,15,150188,TR001,TR,0,500,,0.03%,0.20%,500,500
5,25,15,150190,NL001,NL,"2,998",0,100.00%,0.20%,1.10%,2998,-2998
5,25,9,900001,TW001,TW,396,432.0064629,9.10%,0.00%,0.00%,36.0064629,36.0064629
5,25,9,900002,AU001,AU,397,341,14.10%,0.00%,0.00%,56,-56
5,25,9,900002,NZ001,NZ,15,12,20.00%,0.00%,0.00%,3,-3
5,25,9,900003,KR001,KR,362,436,20.40%,0.00%,0.00%,74,74
5,25,9,900004,HK001,HK,19,12,36.80%,0.00%,0.00%,7,-7
5,25,9,900005,MY001,MY,226,170,24.80%,0.00%,0.00%,56,-56
5,25,9,900006,TH001,TH,30,16,46.70%,0.00%,0.00%,14,-14
5,25,9,900007,ZA001,ZA,95,90,5.30%,0.00%,0.00%,5,-5
5,25,9,900009,JP001,JP,952,920.5645916,3.30%,0.00%,0.00%,31.43540838,-31.43540838
5,25,4,400005,AU001,AU,283,273,3.50%,0.00%,0.00%,10,-10
5,25,4,400006,US001,US,789,920.3846559,16.70%,0.01%,0.00%,131.3846559,131.3846559
5,25,4,400009,US001,US,26,70.82352941,172.40%,0.00%,0.00%,44.82352941,44.82352941
5,25,4,400010,US001,US,165,255.6960181,55.00%,0.01%,0.00%,90.69601813,90.69601813
5,25,4,400011,US001,US,288,392.496817,36.30%,0.01%,0.00%,104.496817,104.496817
5,25,4,400012,US001,US,552,565.5925926,2.50%,0.00%,0.00%,13.59259259,13.59259259
5,25,4,400013,US001,US,243,255,4.90%,0.00%,0.00%,12,12
5,25,4,400014,US001,US,521,746.1541956,43.20%,0.01%,0.10%,225.1541956,225.1541956
5,25,4,400015,US001,US,848,637.8124251,24.80%,0.01%,0.10%,210.1875749,-210.1875749
5,25,4,400016,US001,US,563,545.4576062,3.10%,0.00%,0.00%,17.54239376,-17.54239376
5,25,4,400017,US001,US,264,425.1633829,61.00%,0.01%,0.10%,161.1633829,161.1633829
5,25,4,400024,KR001,KR,60,94,56.70%,0.00%,0.00%,34,34
5,25,4,400025,KR001,KR,0,162,,0.01%,0.10%,162,162
5,25,4,400026,KR001,KR,60,78,30.00%,0.00%,0.00%,18,18
5,25,4,400042,TW001,TW,140,360,157.10%,0.01%,0.10%,220,220
5,25,4,400046,TW001,TW,380,620,63.20%,0.02%,0.10%,240,240
5,25,4,400043,TW001,TW,80,220,175.00%,0.01%,0.10%,140,140
5,25,4,400028,JP001,JP,396,662,67.20%,0.02%,0.10%,266,266
5,25,4,400029,JP001,JP,40,34,15.00%,0.00%,0.00%,6.000000003,-6.000000003
5,25,4,400030,JP001,JP,256,294,14.80%,0.00%,0.00%,37.99999997,37.99999997
5,25,4,400031,JP001,JP,265,241,9.10%,0.00%,0.00%,24.00000004,-24.00000004
5,25,4,400032,JP001,JP,745,1032,38.50%,0.02%,0.10%,286.9999996,286.9999996
5,25,4,400033,JP001,JP,881,1527,73.30%,0.04%,0.20%,646.0000003,646.0000003
5,25,4,400034,JP001,JP,13,13,0.00%,0.00%,0.00%,2.33117E-09,-2.33E-09
5,25,4,400035,JP001,JP,94,23,75.50%,0.00%,0.00%,71,-71
5,25,4,400036,CA001,CA,120,37,69.20%,0.01%,0.00%,83,-83
5,25,4,400038,CA001,CA,80,111,38.70%,0.00%,0.00%,31,31
5,25,4,400039,CA001,CA,40,74,85.00%,0.00%,0.00%,34,34
5,25,4,400040,CA001,CA,438,406,7.30%,0.00%,0.00%,32,-32
5,25,4,400041,CA001,CA,80,148,85.00%,0.00%,0.00%,68,68
5,25,4,400045,AU001,AU,43,55,27.90%,0.00%,0.00%,12,12
5,25,4,400047,AU001,AU,81,191,135.80%,0.01%,0.00%,110,110
5,25,4,400048,AU001,AU,258,391,51.60%,0.01%,0.10%,133,133
5,25,4,400049,AU001,AU,581,587,1.00%,0.00%,0.00%,6,6
5,25,4,400050,HK001,HK,837,1295,54.70%,0.03%,0.20%,458,458
5,25,4,400051,HK001,HK,"1,387",1273,8.20%,0.01%,0.00%,114,-114
5,25,17,170006,IT001,IT,"1,747",1814.224735,3.80%,0.00%,0.00%,67.2247353,67.2247353
5,25,17,170008,AT001,AT,42,50.97212516,21.40%,0.00%,0.00%,8.972125162,8.972125162
5,25,17,170009,FR001,FR,"1,446",1577.699183,9.10%,0.01%,0.10%,131.6991832,131.6991832
5,25,17,170009,FR003,FR,15,20.7062312,38.00%,0.00%,0.00%,5.706231202,5.706231202
5,25,17,170009,MA001,MA,0,10,,0.00%,0.00%,10,10
5,25,17,170010,DE001,DE,164,165.5895442,1.00%,0.00%,0.00%,1.589544193,1.589544193
5,25,17,170011,PT001,PT,137,144.7373192,5.60%,0.00%,0.00%,7.737319227,7.737319227
5,25,17,170012,ES001,ES,748,699.0784646,6.50%,0.00%,0.00%,48.92153539,-48.92153539
5,25,17,170013,CH001,CH,273,303,11.00%,0.00%,0.00%,30,30
5,25,17,170014,HU001,HU,118,115,2.50%,0.00%,0.00%,3,-3
5,25,17,170015,TR001,TR,931,0,100.00%,0.06%,0.40%,931,-931
5,25,17,170016,DE001,DE,6,12.99326665,116.60%,0.00%,0.00%,6.993266651,6.993266651
5,25,17,170017,FI001,FI,209,241.4641916,15.50%,0.00%,0.00%,32.46419162,32.46419162
5,25,17,170017,SE001,SE,140,186,32.90%,0.00%,0.00%,46,46
5,25,17,170018,GR001,GR,76,115,51.30%,0.00%,0.00%,39,39
5,25,17,170019,GB001,GB,612,660.5211506,7.90%,0.00%,0.00%,48.52115058,48.52115058
5,25,17,170020,CZ001,CZ,3,189,6200.00%,0.01%,0.10%,186,186
5,25,17,170021,RO001,RO,276,201,27.20%,0.00%,0.00%,75,-75
5,25,17,170022,DE001,DE,41,41.36294068,0.90%,0.00%,0.00%,0.362940677,0.362940677
5,25,17,170023,PL001,PL,218,273,25.20%,0.00%,0.00%,55,55
5,25,17,170024,DK001,DK,77,123,59.70%,0.00%,0.00%,46,46
5,25,17,170024,IS001,IS,40,22.49189804,43.80%,0.00%,0.00%,17.50810196,-17.50810196
5,25,17,170024,NO001,NO,152,150,1.30%,0.00%,0.00%,2,-2
5,25,17,170080,UA001,UA,0,330,,0.02%,0.10%,330,330
5,25,17,170026,AT001,AT,53,44.89218054,15.30%,0.00%,0.00%,8.107819459,-8.107819459
5,25,17,170027,PT001,PT,202,132.0679013,34.60%,0.00%,0.00%,69.93209871,-69.93209871
5,25,17,170028,ES001,ES,762,680.5577135,10.70%,0.01%,0.00%,81.44228651,-81.44228651
5,25,17,170029,FI001,FI,272,248.4374336,8.70%,0.00%,0.00%,23.56256635,-23.56256635
5,25,17,170029,SE001,SE,77,55.88616443,27.40%,0.00%,0.00%,21.11383557,-21.11383557
5,25,17,170030,DE001,DE,176,157.5448815,10.50%,0.00%,0.00%,18.45511846,-18.45511846
5,25,17,170031,HU001,HU,189,199,5.30%,0.00%,0.00%,10,10
5,25,17,170032,DK001,DK,181,195,7.70%,0.00%,0.00%,14,14
5,25,17,170032,IS001,IS,40,35.96945039,10.10%,0.00%,0.00%,4.030549614,-4.030549614
5,25,17,170032,NO001,NO,104,120,15.40%,0.00%,0.00%,16,16
5,25,17,170033,GR001,GR,48,92,91.70%,0.00%,0.00%,44,44
5,25,17,170034,DE001,DE,96,109.8659355,14.40%,0.00%,0.00%,13.86593546,13.86593546
5,25,17,170035,GB001,GB,"1,205",1178.615256,2.20%,0.00%,0.00%,26.38474407,-26.38474407
5,25,17,170036,ZA001,ZA,16,26,62.50%,0.00%,0.00%,10,10
5,25,17,170037,ZA001,ZA,28,19,32.10%,0.00%,0.00%,9,-9
5,25,17,170038,IL001,IL,96,70,27.10%,0.00%,0.00%,26,-26
5,25,17,170039,IE001,IE,142,58,59.20%,0.01%,0.00%,84,-84
5,25,17,170039,LBN01,LB,0,50,,0.00%,0.00%,50,50
5,25,17,170040,IE001,IE,129,53.99082994,58.10%,0.00%,0.00%,75.00917006,-75.00917006
5,25,17,170040,OM001,OM,0,275,,0.02%,0.10%,275,275
5,25,17,170041,EG001,EG,24,0,100.00%,0.00%,0.00%,24,-24
5,25,17,170043,SA001,SA,668,268,59.90%,0.03%,0.20%,400,-400
5,25,17,170044,PL001,PL,396,516,30.30%,0.01%,0.00%,120,120
5,25,17,170045,DZ001,DZ,"1,203",0,100.00%,0.08%,0.50%,1203,-1203
5,25,17,170046,CH001,CH,280,260,7.10%,0.00%,0.00%,20,-20
5,25,17,170047,US001,US,"9,317",9088.890236,2.40%,0.01%,0.10%,228.1097635,-228.1097635
5,25,17,170048,US001,US,"5,932",6084.023324,2.60%,0.01%,0.10%,152.0233238,152.0233238
5,25,17,170049,IN001,IN,0,2,,0.00%,0.00%,2,2
5,25,17,170050,BE001,BE,113,115.4240144,2.10%,0.00%,0.00%,2.424014365,2.424014365
5,25,17,170050,NL001,NL,500,374.9137662,25.00%,0.01%,0.00%,125.0862338,-125.0862338
5,25,17,170051,BE001,BE,91,104.6286113,15.00%,0.00%,0.00%,13.62861127,13.62861127
5,25,17,170051,NL001,NL,525,495.418797,5.60%,0.00%,0.00%,29.58120298,-29.58120298
5,25,17,170082,TH001,TH,7,4,42.90%,0.00%,0.00%,3,-3
5,25,17,170053,SG002,SG,29,19,34.50%,0.00%,0.00%,10,-10
5,25,17,170054,SG002,SG,27,16,40.70%,0.00%,0.00%,11,-11
5,25,17,170055,TW001,TW,"1,499",1566.785462,4.50%,0.00%,0.00%,67.78546234,67.78546234
5,25,17,170056,HK001,HK,90,119.8636321,33.20%,0.00%,0.00%,29.86363213,29.86363213
5,25,17,170057,HK001,HK,150,95.99491608,36.00%,0.00%,0.00%,54.00508392,-54.00508392
5,25,17,170058,CA001,CA,485,533,9.90%,0.00%,0.00%,48,48
5,25,17,170059,CA001,CA,781,823.1289176,5.40%,0.00%,0.00%,42.12891756,42.12891756
5,25,17,170060,CO001,CO,340,225,33.80%,0.01%,0.00%,115,-115
5,25,17,170061,CO001,CO,605,523,13.60%,0.01%,0.00%,82,-82
5,25,17,170062,PE001,PE,72,170,136.10%,0.01%,0.00%,98,98
5,25,17,170065,CL001,CL,0,26,,0.00%,0.00%,26,26
5,25,17,170066,CL001,CL,299,300,0.30%,0.00%,0.00%,1,1
5,25,17,170067,AR001,AR,346,357,3.20%,0.00%,0.00%,11,11
5,25,17,170068,AR001,AR,340,0,100.00%,0.02%,0.10%,340,-340
5,25,17,170069,KR001,KR,495,84,83.00%,0.03%,0.20%,411,-411
5,25,17,170071,BR001,BR,356,2264.023075,536.00%,0.13%,0.70%,1908.023075,1908.023075
5,25,17,170072,CR001,CR,68,43,36.80%,0.00%,0.00%,25,-25
5,25,17,170072,SV001,SV,8,0,100.00%,0.00%,0.00%,8,-8
5,25,17,170073,IN001,IN,6,21,250.00%,0.00%,0.00%,15,15
5,25,17,170074,AU001,AU,154,182,18.20%,0.00%,0.00%,28,28
5,25,17,170075,AU001,AU,90,106,17.80%,0.00%,0.00%,16,16
5,25,17,170076,JP001,JP,"2,408",2496.65,3.70%,0.01%,0.00%,88.65,88.65
5,25,17,170077,JP001,JP,927,1057.07,14.00%,0.01%,0.00%,130.07,130.07
5,25,17,170084,TR001,TR,0,1053,,0.07%,0.40%,1053,1053
5,25,5,500001,AE002,AE,5,1,80.00%,0.00%,0.00%,4,-4
5,25,5,500001,SA001,SA,0,1,,0.00%,0.00%,1,1
5,25,5,500002,AE002,AE,14,2,85.70%,0.00%,0.00%,12,-12
5,25,5,500002,SA001,SA,0,3,,0.00%,0.00%,3,3
5,25,14,140001,CA001,CA,305,270.7213466,11.20%,0.00%,0.00%,34.2786534,-34.2786534
5,25,14,140002,PR001,PR,0,0,,0.00%,0.00%,0,0
5,25,14,140002,US001,US,145,103.0471314,28.90%,0.00%,0.00%,41.9528686,-41.9528686
5,25,14,140003,PR001,PR,1,4,300.00%,0.00%,0.00%,3,3
5,25,14,140003,US001,US,"1,283",1175.514352,8.40%,0.01%,0.00%,107.4856481,-107.4856481
5,25,14,140004,AT001,AT,18,18,0.00%,0.00%,0.00%,0,0
5,25,14,140004,DE001,DE,21,30.0973943,43.30%,0.00%,0.00%,9.097394297,9.097394297
5,25,14,140005,DE001,DE,44,65.16786155,48.10%,0.00%,0.00%,21.16786155,21.16786155
5,25,14,140006,AT001,AT,62,140.7522923,127.00%,0.01%,0.00%,78.75229232,78.75229232
5,25,14,140006,DE001,DE,78,263.2782122,237.50%,0.01%,0.10%,185.2782122,185.2782122
5,25,14,140006,FI001,FI,52,0,100.00%,0.00%,0.00%,52,-52
5,25,14,140007,DE001,DE,284,295.2615005,4.00%,0.00%,0.00%,11.26150046,11.26150046
5,25,14,140008,DE001,DE,195,200.2161115,2.70%,0.00%,0.00%,5.216111455,5.216111455
5,25,14,140009,DE001,DE,945,865.264396,8.40%,0.01%,0.00%,79.73560395,-79.73560395
5,25,14,140011,BE001,BE,162,149.5311302,7.70%,0.00%,0.00%,12.46886984,-12.46886984
5,25,14,140012,BE001,BE,28,18.20867501,35.00%,0.00%,0.00%,9.791324993,-9.791324993
5,25,14,140013,GB001,GB,92,53.64253834,41.70%,0.00%,0.00%,38.35746166,-38.35746166
5,25,14,140014,GB001,GB,136,124.7334549,8.30%,0.00%,0.00%,11.26654509,-11.26654509
5,25,14,140015,GB001,GB,"1,098",1100.464739,0.20%,0.00%,0.00%,2.46473929,2.46473929
5,25,14,140016,ES001,ES,56,40.04185299,28.50%,0.00%,0.00%,15.95814701,-15.95814701
5,25,14,140017,DK001,DK,394,339,14.00%,0.00%,0.00%,55,-55
5,25,14,140017,FI001,FI,381,501.1673195,31.50%,0.01%,0.00%,120.1673195,120.1673195
5,25,14,140017,SE001,SE,512,510,0.40%,0.00%,0.00%,2,-2
5,25,14,140018,DK001,DK,3,7,133.30%,0.00%,0.00%,4,4
5,25,14,140018,FI001,FI,113,132.6632134,17.40%,0.00%,0.00%,19.66321344,19.66321344
5,25,14,140018,SE001,SE,93,86.41401979,7.10%,0.00%,0.00%,6.585980209,-6.585980209
5,25,14,140019,CH001,CH,17,24.45051089,43.80%,0.00%,0.00%,7.450510888,7.450510888
5,25,14,140020,CH001,CH,92,126.2324969,37.20%,0.00%,0.00%,34.23249692,34.23249692
5,25,14,140021,ES001,ES,279,265.2840771,4.90%,0.00%,0.00%,13.71592295,-13.71592295
5,25,14,140022,ES001,ES,"1,466",1570.440275,7.10%,0.01%,0.00%,104.4402753,104.4402753
5,25,14,140023,CH001,CH,35,22.38838275,36.00%,0.00%,0.00%,12.61161725,-12.61161725
5,25,14,140024,CH001,CH,233,199.5033261,14.40%,0.00%,0.00%,33.49667392,-33.49667392
5,25,14,140028,CA001,CA,65,63,3.10%,0.00%,0.00%,2,-2
5,25,14,140029,CA001,CA,653,550.4889186,15.70%,0.01%,0.00%,102.5110814,-102.5110814
5,25,14,140030,IL001,IL,25,29,16.00%,0.00%,0.00%,4,4
5,25,14,140031,IL001,IL,358,230,35.80%,0.01%,0.00%,128,-128
5,25,14,140032,FR001,FR,89,133.5491034,50.10%,0.00%,0.00%,44.54910343,44.54910343
5,25,14,140032,FR003,FR,0,0.021089631,,0.00%,0.00%,0.021089631,0.021089631
5,25,14,140033,FR001,FR,379,407.0236569,7.40%,0.00%,0.00%,28.02365691,28.02365691
5,25,14,140033,FR003,FR,1,1.220485278,22.00%,0.00%,0.00%,0.220485278,0.220485278
5,25,14,140034,FR001,FR,"1,069",1209.021014,13.10%,0.01%,0.10%,140.0210142,140.0210142
5,25,14,140034,FR003,FR,39,21.43314509,45.00%,0.00%,0.00%,17.56685491,-17.56685491
5,25,14,140035,FR001,FR,385,435.0525541,13.00%,0.00%,0.00%,50.05255406,50.05255406
5,25,14,140035,FR003,FR,0,6.576274819,,0.00%,0.00%,6.576274819,6.576274819
5,25,14,140036,DK001,DK,93,43,53.80%,0.00%,0.00%,50,-50
5,25,14,140036,FI001,FI,0,217.2303707,,0.01%,0.10%,217.2303707,217.2303707
5,25,14,140037,HK001,HK,0,5,,0.00%,0.00%,5,5
5,25,14,140038,HK001,HK,147,120.4424597,18.10%,0.00%,0.00%,26.55754028,-26.55754028
5,25,14,140039,PR001,PR,106,109,2.80%,0.00%,0.00%,3.000000002,3.000000002
5,25,14,140039,US001,US,"10,749",9569.234139,11.00%,0.08%,0.40%,1179.765861,-1179.765861
5,25,14,140040,PR001,PR,14,13,7.10%,0.00%,0.00%,1.000000001,-1.000000001
5,25,14,140040,US001,US,504,554.1080819,9.90%,0.00%,0.00%,50.10808194,50.10808194
5,25,14,140041,IT001,IT,14,29.04841381,107.50%,0.00%,0.00%,15.04841381,15.04841381
5,25,14,140042,IT001,IT,164,169.10138,3.10%,0.00%,0.00%,5.101380028,5.101380028
5,25,14,140044,CZ001,CZ,439,368,16.20%,0.00%,0.00%,71,-71
5,25,14,140045,CZ001,CZ,86,52,39.50%,0.00%,0.00%,34,-34
5,25,14,140046,IT001,IT,131,83.83737685,36.00%,0.00%,0.00%,47.16262315,-47.16262315
5,25,14,140047,IT001,IT,782,652.5276666,16.60%,0.01%,0.00%,129.4723334,-129.4723334
5,25,14,140049,AT001,AT,91,179.1509213,96.90%,0.01%,0.00%,88.15092126,88.15092126
5,25,14,140049,DE001,DE,295,455.4663722,54.40%,0.01%,0.10%,160.4663722,160.4663722
5,25,14,140050,AT001,AT,34,102.2482759,200.70%,0.00%,0.00%,68.24827586,68.24827586
5,25,14,140050,DE001,DE,54,107.7540767,99.50%,0.00%,0.00%,53.75407666,53.75407666
5,25,14,140051,BE001,BE,24,15.50983146,35.40%,0.00%,0.00%,8.490168543,-8.490168543
5,25,14,140051,NL001,NL,10,4,60.00%,0.00%,0.00%,6,-6
5,25,14,140052,AR001,AR,169,105,37.90%,0.00%,0.00%,64,-64
5,25,14,140054,BE001,BE,69,67.56108367,2.10%,0.00%,0.00%,1.438916326,-1.438916326
5,25,14,140054,NL001,NL,50,39.64150169,20.70%,0.00%,0.00%,10.35849831,-10.35849831
5,25,14,140056,BE001,BE,18,26.79562276,48.90%,0.00%,0.00%,8.795622756,8.795622756
5,25,14,140056,NL001,NL,24,32.64516129,36.00%,0.00%,0.00%,8.64516129,8.64516129
5,25,14,140057,BE001,BE,192,192.9931786,0.50%,0.00%,0.00%,0.99317865,0.99317865
5,25,14,140057,NL001,NL,304,357.9759467,17.80%,0.00%,0.00%,53.97594675,53.97594675
5,25,11,110001,IT001,IT,"6,591",6328.077708,4.00%,0.02%,0.10%,262.922292,-262.922292
5,25,11,110002,PE001,PE,0,210,,0.01%,0.10%,210,210
5,25,11,110003,US001,US,"18,280",23619.73815,29.20%,0.35%,2.00%,5339.738151,5339.738151
5,25,11,110004,DE001,DE,185,185,0.00%,0.00%,0.00%,0,0
5,25,11,110005,DE001,DE,183,176,3.80%,0.00%,0.00%,7,-7
5,25,11,110006,CA001,CA,"3,193",3706,16.10%,0.03%,0.20%,513,513
5,25,11,110008,AT001,AT,5,1,80.00%,0.00%,0.00%,4,-4
5,25,11,110009,AT001,AT,1,2,100.00%,0.00%,0.00%,1,1
5,25,11,110010,PL001,PL,0,117,,0.01%,0.00%,117,117
5,25,11,110011,PT001,PT,"1,780",689,61.30%,0.07%,0.40%,1091,-1091
5,25,11,110012,ES001,ES,"1,841",1345,26.90%,0.03%,0.20%,496,-496
5,25,11,110013,BE001,BE,0,0.001,,0.00%,0.00%,0.001,0.001
5,25,11,110014,IL001,IL,112,56,50.00%,0.00%,0.00%,56,-56
5,25,11,110016,EG001,EG,533,250,53.10%,0.02%,0.10%,283,-283
5,25,11,110016,GB001,GB,"2,305",2620,13.70%,0.02%,0.10%,315,315
5,25,11,110018,CO001,CO,"2,545",1801,29.20%,0.05%,0.30%,744,-744
5,25,11,110019,BR001,BR,168,4117,2350.60%,0.26%,1.50%,3949,3949
5,25,11,110020,MY001,MY,380,148,61.10%,0.02%,0.10%,232,-232
5,25,11,110021,HK001,HK,38,26,31.60%,0.00%,0.00%,12,-12
5,25,11,110023,SG002,SG,0,0,,0.00%,0.00%,0,0
5,25,11,110023,TW001,TW,50,43,14.00%,0.00%,0.00%,7,-7
5,25,11,110024,AU001,AU,28,34,21.40%,0.00%,0.00%,6,6
5,25,11,110025,SE001,SE,425,625,47.10%,0.01%,0.10%,200,200
5,25,11,110026,CL001,CL,280,355,26.80%,0.00%,0.00%,75,75
5,25,11,110027,DK001,DK,402,480,19.40%,0.01%,0.00%,78,78
5,25,11,110027,NO001,NO,400,280,30.00%,0.01%,0.00%,120,-120
5,25,11,110028,GR001,GR,"1,655",1364,17.60%,0.02%,0.10%,291,-291
5,25,11,110029,RO001,RO,524,568,8.40%,0.00%,0.00%,44,44
5,25,11,110031,ZA001,ZA,295,1043,253.60%,0.05%,0.30%,748,748
5,25,11,110051,UA001,UA,0,276,,0.02%,0.10%,276,276
5,25,11,110034,TH001,TH,40,80,100.00%,0.00%,0.00%,40,40
5,25,11,110035,IN001,IN,44,583,1225.00%,0.04%,0.20%,539,539
5,25,11,110036,SA001,SA,0,0.000999999,,0.00%,0.00%,0.000999999,0.000999999
5,25,11,110037,AR001,AR,737,877,19.00%,0.01%,0.10%,140,140
5,25,11,110037,UY001,UY,0,99,,0.01%,0.00%,99,99
5,25,11,110038,CR001,CR,0,0,,0.00%,0.00%,0,0
5,25,11,110038,GT001,GT,0,0,,0.00%,0.00%,0,0
5,25,11,110038,PA001,PA,0,0,,0.00%,0.00%,0,0
5,25,11,110039,VN001,VN,220,40,81.80%,0.01%,0.10%,180,-180
5,25,11,110040,AE002,AE,0,250,,0.02%,0.10%,250,250
5,25,11,110040,EG001,EG,124,0,100.00%,0.01%,0.00%,124,-124
5,25,11,110040,IE001,IE,388,259.0897116,33.20%,0.01%,0.00%,128.9102884,-128.9102884
5,25,11,110040,KW001,KW,0,2000.000016,,0.13%,0.80%,2000.000016,2000.000016
5,25,11,110040,LBN01,LB,0,380,,0.02%,0.10%,380,380
5,25,11,110040,MX001,MX,93,1004,979.60%,0.06%,0.30%,911,911
5,25,11,110040,TR001,TR,"1,804",1000,44.60%,0.05%,0.30%,804,-804
5,25,11,110042,DZ001,DZ,"2,042",2598,27.20%,0.04%,0.20%,556,556
5,25,11,110043,RU001,RU,515,130,74.80%,0.03%,0.10%,385,-385
5,25,11,110044,CR001,CR,0,300,,0.02%,0.10%,300,300
5,25,11,110045,BR001,BR,0,0,,0.00%,0.00%,0,0
5,25,11,110046,BE001,BE,40,25.6,36.00%,0.00%,0.00%,14.4,-14.4
5,25,11,110047,FR001,FR,302,286,5.30%,0.00%,0.00%,16,-16
5,25,11,110047,FR003,FR,0,0.001,,0.00%,0.00%,0.001,0.001
5,25,11,110048,FR001,FR,498,430.6,13.50%,0.00%,0.00%,67.4,-67.4
5,25,11,110048,FR003,FR,4,0.001,100.00%,0.00%,0.00%,3.999,-3.999
5,25,11,110049,JP001,JP,40,0,100.00%,0.00%,0.00%,40,-40
5,25,11,110050,ZA001,ZA,0,0,,0.00%,0.00%,0,0
5,25,11,110055,PY001,PY,1,0,100.00%,0.00%,0.00%,1,-1
5,25,11,110055,UY001,UY,0,150,,0.01%,0.10%,150,150
5,25,12,120002,MY001,MY,0,16,,0.00%,0.00%,16,16
5,25,12,120002,SA001,SA,729,1100,50.90%,0.02%,0.10%,371,371
5,25,12,120002,US001,US,"20,529",20681.001,0.70%,0.01%,0.10%,152.001,152.001
5,25,12,120003,FI001,FI,64,56,12.50%,0.00%,0.00%,8,-8
5,25,12,120003,SE001,SE,188,235,25.00%,0.00%,0.00%,47,47
5,25,12,120004,CA001,CA,362,355,1.90%,0.00%,0.00%,7,-7
5,25,12,120005,DK001,DK,212,218,2.80%,0.00%,0.00%,6,6
5,25,12,120006,DE001,DE,0,4E-06,,0.00%,0.00%,4E-06,4E-06
5,25,12,120007,DE001,DE,0,1E-05,,0.00%,0.00%,1E-05,1E-05
5,25,12,120008,BE001,BE,0,0.0002,,0.00%,0.00%,0.0002,0.0002
5,25,12,120008,DE001,DE,"1,325",1445,9.10%,0.01%,0.00%,120,120
5,25,12,120009,AT001,AT,0,0.001,,0.00%,0.00%,0.001,0.001
5,25,12,120010,AT001,AT,133,112,15.80%,0.00%,0.00%,21,-21
5,25,12,120013,CH001,CH,824,1000,21.40%,0.01%,0.10%,176,176
5,25,12,120014,TW001,TW,"2,954",2674,9.50%,0.02%,0.10%,280,-280
5,25,12,120028,RU001,RU,438,800,82.60%,0.02%,0.10%,362,362
5,25,12,120015,BR001,BR,84,449,434.50%,0.02%,0.10%,365,365
5,25,12,120016,BE001,BE,"2,063",2312,12.10%,0.02%,0.10%,249,249
5,25,12,120017,FR001,FR,"3,392",3276,3.40%,0.01%,0.00%,116,-116
5,25,12,120017,FR003,FR,46,0.001,100.00%,0.00%,0.00%,45.999,-45.999
5,25,12,120018,AU001,AU,959,3835,299.90%,0.19%,1.10%,2876,2876
5,25,12,120019,HU001,HU,776,681,12.20%,0.01%,0.00%,95,-95
5,25,12,120019,RO001,RO,0,22,,0.00%,0.00%,22,22
5,25,12,120020,BE001,BE,0,0.0012,,0.00%,0.00%,0.0012,0.0012
5,25,12,120021,BE001,BE,0,0.0011,,0.00%,0.00%,0.0011,0.0011
5,25,12,120021,NL001,NL,10,0,100.00%,0.00%,0.00%,10,-10
5,25,12,120029,CZ001,CZ,500,620,24.00%,0.01%,0.00%,120,120
5,25,12,120029,PL001,PL,"1,526",1425,6.60%,0.01%,0.00%,101,-101
5,25,12,120030,IL001,IL,451,546,21.10%,0.01%,0.00%,95,95
5,25,12,120022,AR001,AR,638,837,31.20%,0.01%,0.10%,199,199
5,25,12,120023,GB001,GB,"3,134",3312,5.70%,0.01%,0.10%,178,178
5,25,12,120024,ES001,ES,"1,908",1986,4.10%,0.01%,0.00%,78,78
5,25,12,120024,PT001,PT,718,426,40.70%,0.02%,0.10%,292,-292
5,25,12,120031,HK001,HK,322,315,2.20%,0.00%,0.00%,7,-7
5,25,12,120025,JP001,JP,"1,848",1717,7.10%,0.01%,0.00%,131,-131
5,25,12,120032,KR001,KR,"1,208",1404,16.20%,0.01%,0.10%,196,196
5,25,12,120033,IT001,IT,"5,259",4868,7.40%,0.03%,0.10%,391,-391
5,25,12,120026,AE002,AE,0,100,,0.01%,0.00%,100,100
5,25,12,120026,BH001,BH,0,0.001,,0.00%,0.00%,0.001,0.001
5,25,12,120026,OM001,OM,0,0.001,,0.00%,0.00%,0.001,0.001
5,25,12,120026,SA001,SA,0,0.001,,0.00%,0.00%,0.001,0.001
5,25,12,120027,MY001,MY,0,0,,0.00%,0.00%,0,0
5,25,12,120034,SG002,SG,152,101,33.60%,0.00%,0.00%,51,-51
5,25,12,120035,TH001,TH,0,6,,0.00%,0.00%,6,6
5,25,12,120036,IN001,IN,0,0,,0.00%,0.00%,0,0
5,25,12,120037,ZA001,ZA,0,0,,0.00%,0.00%,0,0
5,25,12,120038,GR001,GR,36,38,5.60%,0.00%,0.00%,2,2
5,25,12,120039,EG001,EG,80,0,100.00%,0.01%,0.00%,80,-80
5,25,13,130004,BE001,BE,45,4,91.10%,0.00%,0.00%,41,-41
5,25,13,130026,BE001,BE,16,45,181.30%,0.00%,0.00%,29,29
5,25,13,130026,NL001,NL,3,0,100.00%,0.00%,0.00%,3,-3
5,25,13,130005,DE001,DE,21,17,19.00%,0.00%,0.00%,4,-4
5,25,13,130006,AT001,AT,18,12,33.30%,0.00%,0.00%,6,-6
5,25,13,130006,DE001,DE,46,56,21.70%,0.00%,0.00%,10,10
5,25,13,130007,CAR01,CA,36,0,100.00%,0.00%,0.00%,36,-36
5,25,13,130007,CO001,CO,0,44,,0.00%,0.00%,44,44
5,25,13,130007,US001,US,"1,232",2025.10683,64.40%,0.05%,0.30%,793.10683,793.10683
5,25,13,130008,CZ001,CZ,0,24,,0.00%,0.00%,24,24
5,25,13,130009,HU001,HU,12,13,8.30%,0.00%,0.00%,1,1
5,25,13,130009,RO001,RO,282,176,37.60%,0.01%,0.00%,106,-106
5,25,13,130010,HU001,HU,4,9,125.00%,0.00%,0.00%,5,5
5,25,13,130036,RU001,RU,250,200,20.00%,0.00%,0.00%,50,-50
5,25,13,130028,CH001,CH,35,25,28.60%,0.00%,0.00%,10,-10
5,25,13,130029,IN001,IN,0,73,,0.00%,0.00%,73,73
5,25,13,130011,BR001,BR,12,370,2983.30%,0.02%,0.10%,358,358
5,25,13,130012,CY001,CY,0,52,,0.00%,0.00%,52,52
5,25,13,130012,FR001,FR,851,895.2582986,5.20%,0.00%,0.00%,44.25829862,44.25829862
5,25,13,130012,PT001,PT,213,177,16.90%,0.00%,0.00%,36,-36
5,25,13,130037,BE001,BE,0,21,,0.00%,0.00%,21,21
5,25,13,130013,GB001,GB,0,16,,0.00%,0.00%,16,16
5,25,13,130013,SA001,SA,0,187,,0.01%,0.10%,187,187
5,25,13,130013,TR001,TR,324,0,100.00%,0.02%,0.10%,324,-324
5,25,13,130015,ES001,ES,55,69,25.50%,0.00%,0.00%,14,14
5,25,13,130016,ES001,ES,439,560,27.60%,0.01%,0.00%,121,121
5,25,13,130017,AT001,AT,9,9,0.00%,0.00%,0.00%,0,0
5,25,13,130017,DE001,DE,116,108,6.90%,0.00%,0.00%,8,-8
5,25,13,130018,IT001,IT,601,441,26.60%,0.01%,0.10%,160,-160
5,25,13,130019,PT001,PT,36,0,100.00%,0.00%,0.00%,36,-36
5,25,13,130020,GB001,GB,19,14,26.30%,0.00%,0.00%,5,-5
5,25,13,130021,JP001,JP,43,75.49551922,75.60%,0.00%,0.00%,32.49551922,32.49551922
5,25,13,130030,CA001,CA,0,0,,0.00%,0.00%,0,0
5,25,13,130031,CA001,CA,0,0,,0.00%,0.00%,0,0
5,25,13,130032,CO001,CO,0,9,,0.00%,0.00%,9,9
5,25,13,130032,US001,US,169,178.75485,5.80%,0.00%,0.00%,9.75485,9.75485
5,25,13,130038,MX001,MX,0,0,,0.00%,0.00%,0,0
5,25,13,130023,PL001,PL,14,69,392.90%,0.00%,0.00%,55,55
5,25,13,130034,IT001,IT,59,28,52.50%,0.00%,0.00%,31,-31
5,25,13,130035,CH001,CH,3,15,400.00%,0.00%,0.00%,12,12
5,25,13,130025,EG001,EG,156,0,100.00%,0.01%,0.10%,156,-156
5,25,13,130025,IQ001,IQ,0,320,,0.02%,0.10%,320,320
5,25,16,160001,GB001,GB,"1,418",1500,5.80%,0.01%,0.00%,82,82
5,25,16,160002,GB001,GB,"2,612",2500,4.30%,0.01%,0.00%,112,-112
5,25,16,160002,IL001,IL,79,0,100.00%,0.01%,0.00%,79,-79
5,25,16,160003,GB001,GB,0,0,,0.00%,0.00%,0,0
5,25,16,160003,PR001,PR,116,154,32.80%,0.00%,0.00%,38,38
5,25,16,160003,US001,US,"8,327",9820,17.90%,0.10%,0.60%,1493,1493
5,25,16,160004,GB001,GB,0,0,,0.00%,0.00%,0,0
5,25,16,160004,IL001,IL,20,0,100.00%,0.00%,0.00%,20,-20
5,25,16,160004,PR001,PR,61,88,44.30%,0.00%,0.00%,27,27
5,25,16,160004,US001,US,"5,155",5987,16.10%,0.05%,0.30%,832,832
5,25,16,160005,DK001,DK,4,7,75.00%,0.00%,0.00%,3,3
5,25,16,160005,NO001,NO,480,664,38.30%,0.01%,0.10%,184,184
5,25,16,160006,DK001,DK,2,2,0.00%,0.00%,0.00%,0,0
5,25,16,160006,NO001,NO,291,332,14.10%,0.00%,0.00%,41,41
5,25,16,160007,FI001,FI,150,178,18.70%,0.00%,0.00%,28,28
5,25,16,160007,GB001,GB,45,50,11.10%,0.00%,0.00%,5,5
5,25,16,160008,FI001,FI,147,266,81.00%,0.01%,0.00%,119,119
5,25,16,160008,GB001,GB,77,80,3.90%,0.00%,0.00%,3,3
5,25,16,160009,CA001,CA,"1,444",1788,23.80%,0.02%,0.10%,344,344
5,25,16,160010,CA001,CA,"1,516",1725,13.80%,0.01%,0.10%,209,209
5,25,16,160013,AT001,AT,311,329.4564958,5.90%,0.00%,0.00%,18.45649579,18.45649579
5,25,16,160014,AT001,AT,246,390.4296399,58.70%,0.01%,0.10%,144.4296399,144.4296399
5,25,16,160015,DE001,DE,"1,925",1643.975978,14.60%,0.02%,0.10%,281.0240224,-281.0240224
5,25,16,160016,DE001,DE,"2,566",1860.667039,27.50%,0.05%,0.30%,705.3329607,-705.3329607
5,25,16,160017,CH001,CH,27,57.31703891,112.30%,0.00%,0.00%,30.31703891,30.31703891
5,25,16,160018,CH001,CH,31,90.64279477,192.40%,0.00%,0.00%,59.64279477,59.64279477
5,25,16,160019,FR001,FR,"1,640",1589.973437,3.10%,0.00%,0.00%,50.02656294,-50.02656294
5,25,16,160019,FR003,FR,45,43.48758192,3.40%,0.00%,0.00%,1.512418076,-1.512418076
5,25,16,160020,FR001,FR,"2,165",2331.556041,7.70%,0.01%,0.10%,166.5560414,166.5560414
5,25,16,160020,FR003,FR,94,54.27188107,42.30%,0.00%,0.00%,39.72811893,-39.72811893
5,25,16,160021,BE001,BE,177,140,20.90%,0.00%,0.00%,37,-37
5,25,16,160021,NL001,NL,140,124.2922164,11.20%,0.00%,0.00%,15.7077836,-15.7077836
5,25,16,160022,BE001,BE,147,101,31.30%,0.00%,0.00%,46,-46
5,25,16,160022,NL001,NL,183,218.9160683,19.60%,0.00%,0.00%,35.91606827,35.91606827
5,25,16,160023,CZ001,CZ,318,451,41.80%,0.01%,0.10%,133,133
5,25,16,160023,PL001,PL,57,130,128.10%,0.00%,0.00%,73,73
5,25,16,160024,CZ001,CZ,338,361,6.80%,0.00%,0.00%,23,23
5,25,16,160024,PL001,PL,63,80,27.00%,0.00%,0.00%,17,17
5,25,16,160025,IT001,IT,"1,915",2126.215373,11.00%,0.01%,0.10%,211.2153734,211.2153734
5,25,16,160026,IT001,IT,"1,639",1406.991156,14.20%,0.02%,0.10%,232.0088439,-232.0088439
5,25,16,160028,BR001,BR,197,450,128.40%,0.02%,0.10%,253,253
5,25,16,160029,BR001,BR,900,850,5.60%,0.00%,0.00%,50,-50
5,25,16,160030,TW001,TW,221,220,0.50%,0.00%,0.00%,1,-1
5,25,16,160031,GR001,GR,178,60,66.30%,0.01%,0.00%,118,-118
5,25,16,160033,DE001,DE,140,0,100.00%,0.01%,0.10%,140,-140
5,25,16,160033,ES001,ES,"1,849",1778,3.80%,0.00%,0.00%,71,-71
5,25,16,160034,ES001,ES,"2,858",2784.854688,2.60%,0.00%,0.00%,73.14531231,-73.14531231
5,25,16,160035,PT001,PT,69,59.67647059,13.50%,0.00%,0.00%,9.323529412,-9.323529412
5,25,16,160036,PT001,PT,88,70,20.50%,0.00%,0.00%,18,-18
5,25,16,160037,MX001,MX,102,48,52.90%,0.00%,0.00%,54,-54
5,25,16,160038,MX001,MX,84,36,57.10%,0.00%,0.00%,48,-48
5,25,16,160039,AE002,AE,83,69,16.90%,0.00%,0.00%,14,-14
5,25,16,160040,AE002,AE,33,50,51.50%,0.00%,0.00%,17,17
5,25,16,160040,IQ001,IQ,0,2268,,0.15%,0.90%,2268,2268
5,25,16,160040,SA001,SA,106,50,52.80%,0.00%,0.00%,56,-56
5,25,16,160041,AR001,AR,577,677.9784771,17.50%,0.01%,0.00%,100.9784771,100.9784771
5,25,16,160042,AR001,AR,379,259,31.70%,0.01%,0.00%,120,-120
5,25,16,160043,RO001,RO,0,36,,0.00%,0.00%,36,36
5,25,16,160044,RO001,RO,0,12,,0.00%,0.00%,12,12
5,25,16,160047,HK001,HK,271,193.6121706,28.60%,0.01%,0.00%,77.38782942,-77.38782942
5,25,16,160048,HK001,HK,185,120.9730403,34.60%,0.00%,0.00%,64.02695967,-64.02695967
5,25,16,160050,SG002,SG,31,30,3.20%,0.00%,0.00%,1,-1
5,25,16,160051,SG002,SG,8,48,500.00%,0.00%,0.00%,40,40
5,25,16,160052,TR001,TR,22,72,227.30%,0.00%,0.00%,50,50
5,25,16,160053,TR001,TR,11,33,200.00%,0.00%,0.00%,22,22
5,25,16,160054,JP001,JP,"4,521",5388.759739,19.20%,0.06%,0.30%,867.7597389,867.7597389
5,25,16,160055,JP001,JP,"3,522",3772.322934,7.10%,0.02%,0.10%,250.322934,250.322934
5,25,16,160059,RU001,RU,"1,257",450,64.20%,0.05%,0.30%,807,-807
5,25,16,160060,RU001,RU,"3,087",750,75.70%,0.15%,0.90%,2337,-2337
5,25,16,160061,CN001,CN,147,90,38.80%,0.00%,0.00%,57,-57